Name,Title,aiconalt,View,State,View1,asizebase
vinay hinduja,Very good,5.0 out of 5 stars,Reviewed in India on 1 October 2018,Verified Purchase,"I am writing this review after 3+ years of use. This has traveled with me to foreign shores and been used frequently to make chutneys, Idli batter, grind spices and myraid uses.
The product is doing well, is durable. It has been packed into travel cases etc, with ease, it is definitely not delicate. It is reasonable easy to clean and the plastic has thankfully not turned yellow or colorful as some of them tend to.",446 people found this helpful
Gaurav,Worst product from bajaj,1.0 out of 5 stars,Reviewed in India on 15 September 2018,Verified Purchase,"Worst quality. The multi purpose jar caught rust in just 3 months. The chutney jar lid flips open while grinding even after applying enough pressure on the lid and on the 1 power mode.
No wonder why this product is always on deal as it is one of the worst product.",322 people found this helpful
Mr. Raj Guru,Facing problem,1.0 out of 5 stars,Reviewed in India on 18 November 2016,Verified Purchase,"Dear sir,
I've purchased Bajaj Rex 500-Watt Mixer from ur site in Aug,16 but now this is started smelling when its get switched on. So kindly do the needful.",563 people found this helpful
Guru Santosh,Bajaj logo is not convinced whether fack or original,1.0 out of 5 stars,Reviewed in India on 17 October 2020,Verified Purchase,Why product logo is not same as image shown in the amozon purchase bajaj logo. Is there any change.  I dont whether product is fack one. Need get answer from bajaj or amazon team. Customer will be in confusion if this question raises.,56 people found this helpful
Baisakhi Roy,Great Product no.1 best mixture,5.0 out of 5 stars,Reviewed in India on 27 May 2018,Verified Purchase,I'm statistics with this pocket friendly lighting deal offer price Indian's best mixture in my home m so so happy!!!,106 people found this helpful
Sudarshan,Defective product recieved,3.0 out of 5 stars,Reviewed in India on 21 January 2019,Verified Purchase,,72 people found this helpful
Monica,Had to return,2.0 out of 5 stars,Reviewed in India on 8 November 2018,Verified Purchase,Smallest jar is useful. Finally I could make cashew dip without water! My issue is with the largest jar. It can't even crush bananas or cucumber to make a decent juice. So what I have to do is make a paste in smallest jar and then make juice using it in the largest jar! Impractical. No thanks.,54 people found this helpful
Aditya,Good for everyday use.Value for Money !!!,4.0 out of 5 stars,Reviewed in India on 28 January 2019,Verified Purchase,"Pros
Comes with a 500watt motor Which does the job well,priced appropriate,easy to Handel jars, Good for nuclear family.

Cons
Very noisy ,jars are little bit small,material quality nd jar fitting are average..

Will post an update after further use.",45 people found this helpful
Aman Kashyap,"Cute and Powerful Mixer, but a Noisy Motor.",4.0 out of 5 stars,Reviewed in India on 1 May 2019,Verified Purchase,"The mixer can grind, mix and shake anything you put in it. It's really powerful.

But it's noisy as hell. Specially when you increase the pulse.

Talking about cleaning the jars & machine, it's never been easy on any entry level mixers. And it's the same with this one.

The best thing about this mixer is that it takes a little space in the kitchen.

Overall, I'd suggest you go for it if you're looking for a good deal.",31 people found this helpful
Saini A.,This is not orginel,1.0 out of 5 stars,Reviewed in India on 24 August 2020,Verified Purchase,I reacved a defictive proudct and missing spons.. It is not orginel so i return this item... 😈😡😡😡,24 people found this helpful
,,,,,,
Madhumita,6 Stars!,5.0 out of 5 stars,"Reviewed in India on February 3, 2019",Verified Purchase,"Amazing value for money. It just does the job. Grinds well. I made chutney, dosa batter and juice. All were easy to make. There were no lumps. Most of my work got done on the 1st setting itself. For Dosa batter I had to use 3rd. The lid plastic is of good quality and the rubber inside the lid looks durable too. The main body stays in place while mixy is in use. I am very satisfied with this product.",25 people found this helpful
Renu ,Waste of money,3.0 out of 5 stars,"Reviewed in India on January 24, 2021",Verified Purchase,It is became faulty with in 6 months they serviced but again became faulty with 15 days...I am not suggesting to buy this model,15 people found this helpful
Sreejesh P V,My honest review about the  bajaj mixer which I received.,1.0 out of 5 stars,"Reviewed in India on January 3, 2021",Verified Purchase,"My honest review about the bajaj mixer which I received.
1. bought this after researching for a 500w mixer. Bajaj is one of the best brand.
2. Mixer looks entirely different from what is displayed in the image.
3. Looks ugly with multiple marks.
4. One jar i found cracks. image is attached.
5. Another jar steel looks black or dark.",9 people found this helpful
Argha Roy,Overall it is a good mixer grinder,4.0 out of 5 stars,"Reviewed in India on June 10, 2020",Verified Purchase,"Very powerful and great mixer grinder.
The only flaw is the lid of the jars, which do not provide a very good seal. At first there were no problems, but after six months the rubber ring washer gets a bit bend, which compromises the sealing and result is scattered half grinded half liquid mixture, which is quite a disaster !
The only soultion is to apply a great amount of pressure on the lid during mixing.

It would have been better if the rubber ring type washer was made in such a way that it would have covered the part where the jar's edge and lid's edge meets, that way it could have provided a greater sealing.",7 people found this helpful
Leslie P.,bad product,1.0 out of 5 stars,"Reviewed in India on August 24, 2021",Verified Purchase,Video Player is loading.,4 people found this helpful
KJK Ravi Theja,Best in 2k Budget,4.0 out of 5 stars,"Reviewed in India on January 8, 2021",Verified Purchase,"Pros:
Quiet equipment that results in less term oil when compared to other mixer grinders.
Superior quality containers
Convenient to clean
Sharp cutting edges that complete an amazing activity in grinding.
Easy to use for making shakes
Less energy consumption makes it quite simple in pockets.
Can operate on inverter or generator, so that you don’t need to stop and wait for power.
Cons:
Does not have four-speed accessibility features to perform better grinding
Wattage can be less for weightier errands.
No fruit channel is there to empty the mash that gets accumulated in the juice bump
Unlike other mixer grinders that are offered with a warranty for two years, this mixer grinder comes with a warranty for only a year.
It does not provide home administration.",4 people found this helpful
PARTHA PROTIM MUKHERJEE,Awesome Purchase,5.0 out of 5 stars,"Reviewed in India on February 17, 2020",Verified Purchase,"Used it over 2 years and this product has performed excellent . It has very easy to make chutneys, grind spices , making batter and for other uses too.
Still now faced no problem with the product and has been doing well. Packing has been excellent making it easy to carry wherever required . It makes a sound a bit more when compared with some but is reasonable easy to clean and use.",7 people found this helpful
Bhargav Thota,Average,3.0 out of 5 stars,"Reviewed in India on April 15, 2019",Verified Purchase,"When i get this product one of the jar was broken.......
Otherwise looking was good
More over sound was pretty loud.....
The main problem here is the customer care...they are not responding very well and they are not full fill my dameges......
And i given 3 star for this product...",16 people found this helpful
Arun Bhatt,Not able to grind very fine,3.0 out of 5 stars,"Reviewed in India on October 3, 2021",Verified Purchase,"It is not able to grind the tomato properly to make a puree when you put big pieces of tomato. Only when pieces are cut fine, it will make fine puree. Same is the case with coconut chutney where if there are big pieces of coconut it will not be able to grind it properly. Also noise level is high as compared to other brand grinders. Before this I had Usha food processor which was good in grinding. Though to give Bajaj grinder a try considering it was coming as best seller in Amazon but disappointed with its performance",3 people found this helpful
Chandrakantha,"Having serious concern with ""Sold by: Cloudtail India"" for - Bajaj Rex Mixer Grinder, 500W, 3 Jars",1.0 out of 5 stars,"Reviewed in India on July 13, 2021",Verified Purchase,"I couldn't find any better option to update my concern on the delivery of the product - hence posting at this place
{if this is not the right place - kindly update at the concerned location)
#1: Though I ordered this as a gift to my cousin and at a remote place - Amazon made excellent efforts to reach and deliver on spot (unfortunately return as well) - multiple times. Thank you very much and appreciate it
#2: The first drop had issues of worst packaging from manufacturer or seller (Amazon packing was good) - as I received & seen - the box was opened and repacked in hurry and sent for delivery - feeling it's not a new item
- Return happened and waited to get a very good one for the second attempt
#3: In the Second attempt am more surprised - the bigger jar is missing in the box. (we made an entire video of unboxing it)
Hope to take this comment on some serious note - kindly don't waste the customer time and money
Customer satisfaction to be at the top
Thank you.",3 people found this helpful
Rahul Gupta,See the full review,4.0 out of 5 stars,"Reviewed in India on July 1, 2020",Verified Purchase,"This mixer grinder is good for home use. There are 3 jars. The big jar is only for liquidizing,like for making milk shakes etc but not for juicing orange,mausami or anaar etc. The middle jar is usually for dry grinding like spices but not as powder,one can use channi for filtering the grinded spices in form of powder. The small jar is for chutney grinding but if you want to make chutney in some small quantity then you can't make it. Overall the product is simply good and affordable.
But I am dissatisfied with amazon because when I receive the product I noticed something like the product is not packed in amazon box only in Bajaj company box, there are scratches on the cap of jars and as written there is some smell in first time use but I felt no smell as suggested,So I think this is returned product from someone.",6 people found this helpful
Sulthan,Stopped working,1.0 out of 5 stars,"Reviewed in India on March 18, 2019",Verified Purchase,"I bought this Mixer Grinder in January 2018. A few months back the blade has been broken. Now recently when I was using, it got burst and smoke came out of this. When I called the service centre, the warranty is over by 2 months.
I should have bought some other company product with some after service. Now the charge is Rs1200/- + Service charge. With that amount, you can purchase a new one with a good life.",12 people found this helpful
Indrajeet Kumar Ranjan,"Good Product, Recommended fir Small family...",5.0 out of 5 stars,"Reviewed in India on January 14, 2019",Verified Purchase,"I use this product since 2-3months. Good product for small family. One chatney pot is for regular use and easy clean.

Sound is somehow same as others. 2nd pot is for grinding dry masala. 3rd pot is still not use by us. So can't comment.

Mixer grinder is good looking and Small in size , so it fits easily in anywhere in the kitchen.",12 people found this helpful
Sumit,Nice kitchen applances......,5.0 out of 5 stars,"Reviewed in India on March 15, 2019",Verified Purchase,"Motor RPM is so good therefore you can use this product continuously...... Blade is so good that's why it will grind or mixing very fast... Product weight is also not so heavy, hence you can easily carry... very important thing is main power cable which is made from good quality and also it is so long .... it comes with 3 jar. You can use for mixing. grinding and juicing purpose....",8 people found this helpful
Felix,My mom's 5 years experience!,2.0 out of 5 stars,"Reviewed in India on July 28, 2020",Verified Purchase,"I am writing this review after 5 year's of usage. Product is not sturdy. Lots of leaks while grinding. You must be holding it tight always. The rubber gasket is of poor quality. Material is not upto the mark. Since this is only 500Watts, it doesn't grind smoothly. There are hard pieces left over and while grinding auto rickshaws noise is definitely available. Too loud.",4 people found this helpful
vijay Mishra,Quality of the product is not up to mark. ...,1.0 out of 5 stars,"Reviewed in India on July 16, 2017",Verified Purchase,Quality of  the product is not up to mark. Mixer jamed with first use. Returned immediately. Thanks Amazon for quick response.,28 people found this helpful
subham samantray,It is apt for rare use,3.0 out of 5 stars,"Reviewed in India on June 26, 2021",Verified Purchase,"So all in all it is completely apt for bachelors, who do rare use of grinder. What I feel it is not ideal for family use, as we need frequent use it. Below are some points that need to be considered before buying it.
1. 1st and most important, very noisy, can't be tolerated for long period of time.
2. Jar lids are not good enough for the speed, you will have put your hand on it while grinding or else it ll just throw it out.
3. It is getting heated very quickly and untouchable rather after 2/3 minutes of action.

So these are the main issues that I could able to find out in 3months of use and hope it stays this much only.

Apart from this good things about this mixer are
Affordable, vaccum rubber stand",2 people found this helpful
Lisa,Worst quality,1.0 out of 5 stars,"Reviewed in India on February 8, 2019",Verified Purchase,"Even after grinding for 45 mins a simple daily coconut gravy doesn't get grind finely... The blades are small and not sharp
Wastes too much time. Mixer is good .. But jars are of no use...",10 people found this helpful
Roli Pal,Nice product!,4.0 out of 5 stars,"Reviewed in India on May 31, 2018",Verified Purchase,"Using it for the past 6 months and it works great without any problems.
The container blades are quite strong and can mix even the hard food items easily like dry fruits/grains etc.
Overall the product is quite sturdy and aesthetic too.",14 people found this helpful
R,Perfect,5.0 out of 5 stars,"Reviewed in India on June 19, 2021",Verified Purchase,"It's a good machine.
It was received in good condition without any breakages or flaws as I saw in numerous reviews hence was a little skeptical, but nothing of the sought happened.
However it falls behind on the following pointers:
1. You cannot make the batter for idlis and dosa since it cannot be run for a longer duration, reason being of low wattage of 500 watts. The cutoff switch at the base gets activated and the machine stops . Then I had to switch over to my old Sujata powermatic which is of 900watts and can be run for a longer duration.
2. Sound made on using the machine is much higher, but that's not an issue if it does its work well.
However I loved the mixer grinder as it makes milkshakes, smoothies chutneys and small portions of grinding Dal for dahi vadas and kachories and fresh masalas on a regular basis.",
Asha L Moorthy,"Small good, medium and large useless",4.0 out of 5 stars,"Reviewed in India on May 16, 2019",Verified Purchase,"The medium and large jars are pretty much useless when it come to grinding anything.. For making gravy, etc., you can use only the small chutney jar, which I have to say, grinds beautifully.. Months after I bought this, mom gave me a spare 4 side blade of hers, which I used on the large jar, and it works beautifully! I really wish I had received such a useful blade in the medium or large jars, instead of the completely useless ones i received with this order",5 people found this helpful
Arpita Ganguli,Good Kitchen Appliance at This Price,5.0 out of 5 stars,"Reviewed in India on August 15, 2021",Verified Purchase,"I chose this product mainly because the Bajaj brand name has been a trusted one for a long time. I am highly satisfied with this product. It gets the work done. I use it mainly to grind spices, mix ingredients for cakes and bread, pulp coriander leaves, etc.

Yes, it is a noisy appliance - but I guess that's because of the powerful 500 Watt motor. When it is in operation one can't hear anything on one's phone or on the television. Yup, it's that loud!

As far as looks are concerned, the design is quite basic... no great shakes. But I would prefer a durable hard-working appliance over a less efficient but pretty looking one any day.

I have been using this Mixer-Grinder for the past six months or so, almost on a daily basis, and it's working fine. No problems.",
Amazon Customer,Not efficient. very noisy. worst experience.,1.0 out of 5 stars,"Reviewed in India on September 8, 2019",Verified Purchase,"I am writing this comment after using this mixer more than 3 months and I'll not recommend this to others. I am very surprised how did this product get 4+ ratings.
Smallest jar only can cut the material. Bigger jars are not able chop banana itself and can be used only for mixing purpose. Every time two jars need to be used. Smaller for chopping and bigger for mixing.
It is like a 20 years old car which makes lot of noise but can not produce power.
Please note these anomalies are not piece specific. This seems to be a design issue.",6 people found this helpful
pratik sherlekar,Good product but worst delivery,5.0 out of 5 stars,"Reviewed in India on October 13, 2021",Verified Purchase,No issues with the product... the delivery of this product was at its worst!! The delivery guys asked me to come 3 to 4kms away from the house for his convenience saying that he won't be able to come and if I don't go to pick it up he will return the product. Not at all expected this from Amazon delivery. Much disappointed!!,2 people found this helpful
Victor,Best Mixer Grinder for Rs. 1799,5.0 out of 5 stars,"Reviewed in India on October 31, 2020",Verified Purchase,"It's a quality product for Rs. 1799. The design, plastic material, jars, fittings, rubber, everything is 100% perfect. I am extremely pleased.

Earlier, I bought another mixer from Lifelong for Rs. 1100 3-4 days back but returned it as I didn't like the quality of the product. Hence, I went with Bajaj because of the brand. I am happy that Bajaj stood true to their brand. They have a superior quality.

If you have the lowest budget for a mixer grinder, Bajaj Rex is the best in it's class. It's worth the extra Rs. 700 than a nonbranded product.",
Nano,Awesome mixer grinder!,5.0 out of 5 stars,"Reviewed in India on June 19, 2020",Verified Purchase,"It's a really good mixer grinder! Locking feature is easy, it's easy to clean and takes up less space on the kitchen counter. The motor works perfectly. 👌 It is a bit noisy but that doesn't really matter for me, the output does. Now all my mixing, grinding and chutney making needs are being met easily with it. 😊 If you are looking for a cost-effective and well functioning mixer grinder, go for this.",2 people found this helpful
Kishor Kumar K,Received Bad Quality from Bajaj,1.0 out of 5 stars,"Reviewed in India on January 3, 2019",Verified Purchase,"Received Package in Good Condition, but hearing abnormal sound when removed the Grinder from Package - some loose or damaged part inside the Grinder
Never expected from Bajaj such a poor Quality Product.",9 people found this helpful
pratik nazareth,Stopped working in the first use,1.0 out of 5 stars,"Reviewed in India on October 27, 2021",Verified Purchase,"Extremely pathetic as it stopped working in the first use, unfortunately I was away and used it after its 1p day replacement policy, but as soon as I tried to grind masala in it, it stopped working. Thought it was over loaded but I had not more than 100 grams of masala in it. I have been using other mixers with masala more than this at same wattage. This couldn't take even that much and gave up. I would suggest to go for some other mixer as this doesn't have the strength. Plus the body of the mixer also is made of cheap plastic. Opt for instore mixers rather than online ones.",
Mr. Kay,Great! Works just fine! No problems at all,4.0 out of 5 stars,"Reviewed in India on July 11, 2020",Verified Purchase,"Ok so i have been using this for almost 2 months now. So here’s my review.

Trusted brand, good build quality, looks just like in the pictures (hence i am not putting any)

All jars work beautifully..all do their job..grinding, mixing.. everything is done well. Not too noisy, doesn’t vibrate too much.
Lid fits just fine, you don’t need to hold it down while running.
Easy to clean. price is adequate too.
Overall a great buy! Go for it",One person found this helpful
geniezlife,"Average product, can look at other options",3.0 out of 5 stars,"Reviewed in India on September 18, 2019",Verified Purchase,"Bought in April 2018, so reviewing it after nearly 1.5 years of use.

What I liked:
- Blades are sharp and very effective. Nothing to complain about even after 1.5 years of regular use
- Compact and occupies less space on the kitchen counter
- Elegant looks and aesthetics at a reasonable price
- Stays planted on the counter with its anti-skid grip on the base

What I hated:
- Of the 3 jars, one jar cracked after less than 6 months of use
- The plastic part at the base of another broke after 1.5 years, so left with only one usable jar (and to my bad luck, it is the smallest jar)
- Noise level is uncomfortable on the ear. Not sure if any other mixer in this price range is much quieter though

Overall:
- If it lasts, it works great. However, longevity is not something I will expect from this product
- Satisfied but not thrilled. If I had to purchase a new product around this price point, I would look at other options",One person found this helpful
Subhankar Dey,Great Mixer Grinder for the price!,4.0 out of 5 stars,"Reviewed in India on January 19, 2019",Verified Purchase,"I have been using this product for a few months now. When I was on the lookout for a mixer grinder, I browsed many mixer grinders before making this my final choice. First things first, there are way better mixer grinders than this one, but this mixer grinder is the best in this price range.

The mixer grinder comes in a good package and the material quality is great. It's easy to clean and after using it some months I can confirm it's very durable. Fast grinding speed, and power consumption is moderate (better than other ones in the range).

One thing that came to my notice is the sound of this thing. It's a bit loud, but you can't complain considering the price. This won't be a big factor, and I think you should definitely go this awesome product.",One person found this helpful
Siva,Only 6 months running after repair theories no warranty on ...,1.0 out of 5 stars,"Reviewed in India on December 23, 2017",Verified Purchase,Only 6 months running after repair theories no warranty on this product display is 1 year warranty but no warranty,18 people found this helpful
SANJAY MISHRA,Good mixer. Does the work efficiently.,5.0 out of 5 stars,"Reviewed in India on November 30, 2021",Verified Purchase,I am writing this review almost after using this grinder for 3-4 months. Overall the mixer grinder is very nice. Small jar is good for grinding in small amount. It's best for dry grinding. If making chutney make sur the jar is half loaded or else it will spill. Follow instructions. Do not grind more than 1 min then 3 min rest then again 1 min grinding. It's not at all time taking. 1 min of grinding does the work satisfactorily. Do not wet wash the motor more often. Till date I have washed the base under water only thrice and it's working very well. Do not frequently remove the cover rubber gasket orelse it will become loose and eventually break.,
Vish,Poor quality,1.0 out of 5 stars,"Reviewed in India on May 24, 2021",Verified Purchase,"One jug came broken from down, noise level is massive l, everything spills out, quality is very poor was using inalsa before this thought id buy bajaj being an old known brand m, very disappointed",2 people found this helpful
Sheikh Moinul Islam,Original or a duplicate product as there is change in logo and hologram !,2.0 out of 5 stars,"Reviewed in India on July 28, 2020",Verified Purchase,"I am unable to understand one thing which I want to know from Amazon,in the Amazon website when I saw the product the hologram or the logo of Bajaj is shown in blue and red colour sticker as well Rex 500 is also mentioned in the motor of the Mixer Grinder in blue colour,but the mixer which I had received is completely different where the hologram and logo of Bajaj is mentioned in Black and White.

Am unable to understand,have you delivered me a duplicate product please look into this issue very seriously.

Need an appropriate answer to my question please !",One person found this helpful
abhishek s.,Don't buy this mixer by only trusting BAJAJ. Read full review for detail.,1.0 out of 5 stars,"Reviewed in India on August 16, 2021",Verified Purchase,"I purchased this mixer by thinking brand name of BAJAJ and ofcourse overrating of 4. I doubt that it is used before because of the black scratches on the inner parts of the mixer and blades of the mixer. Though, the smallest jar is good at grinding raw masalas. But its middle one and bigger jars are of no use. because even it can not chop two bananas and apple added with enough milk even after grinding it upto 7 minutes. The noise level of mixer is too high. But grinding capacity is too low. Thought to return and buy some other good brand's mixer but no option left as only replacement is possible. So, I suggest dont buy this by seeing its overrating and BAJAJ brand name. You will regret as me.",
Raji,Good product,4.0 out of 5 stars,"Reviewed in India on October 4, 2020",Verified Purchase,"I have been using this recently and have had no problem with it so far. If one takes the usual care it works well. That is, we should not to overload the jar or run it for  a long time without a break. It's better to stop every five minutes or so.",2 people found this helpful
Mahesh Palav,Defective mixer grinder,1.0 out of 5 stars,"Reviewed in India on June 23, 2021",Verified Purchase,Not satisfied with Bajaj mixer grinder as the product is defective and non returnable. This is the second mixer grinder I have ordered from Bajaj and it was a defective product. If Bajaj wants to keep non returnable policy then they should check for product quality at their end before dispatching it to the customer. Zero customer satisfaction from my end. Lost faith in the brand.,
Riya C.,Good product at this range,4.0 out of 5 stars,"Reviewed in India on December 27, 2018",Verified Purchase,"1stly the packing of the product is good.. And the machine and jars are also good.. But while grinding it's stopped suddenly I don't know why after that I restarted then it's work properly..
2ndly it's worth of money..
I would recommend you to buy this product.. It's good.. I give 4 out of 5 to this product.. ⏳",9 people found this helpful
ATISH,Don't buy bajaj mixers online. It is not serviceable as per service centre rejected the log.,1.0 out of 5 stars,"Reviewed in India on July 30, 2020",Verified Purchase,Worst customer service. The product delivered is faulty. The middle jar is not working properly. The spatula is missing. I have launched complaint on bajaj customer service. They sent their service person and told that online products are not serviceable. Then again I called the customer service center. They said that the jar or any cosmetics have no warranty. So in this situation I am helpless. My suggestion is don't buy any product from online which is to be daily used.,One person found this helpful
K Shalini Raj K,Super Fast grinder,4.0 out of 5 stars,"Reviewed in India on September 20, 2021",Verified Purchase,"Prefect gift for house warming n wedding... 3 jars inside box.. this is the second time i purchased this product. Bajaj still maintains the quality of product.

No complains so far. Worth buying - only white colour mixer is available.

Small and compact 👍

Overall 4 stars - reduced one star for price.",
D A,Very useful,4.0 out of 5 stars,"Reviewed in India on June 19, 2019",Verified Purchase,"Very useful..
I have no issue with noise level nor in cleaning n of course very easy to use as well. I use to grind garam masala in smallest jar. N dry chillies, n many more in middle jar. N in large jar i make juices of banana, mango, watermelon n my protein shake. Wanted it for so long time. Thanks Amazon.",4 people found this helpful
Savita,Useless,1.0 out of 5 stars,"Reviewed in India on July 12, 2021",Verified Purchase,"Product is really good at start.
Later it does the work like an old appliance.
Takes time to grind.
Make loads of noise.
Not at all easy to clean.
There is no stability if the hand is not kept sturdy while grinding the masala the container just opens up. There is no lock feature.. useless it is .
The reem inside the machine doesnt open up easily for cleaning.
Its already breaking !
So the product is not worth the money",
Malini Rajendra,Excellent product,5.0 out of 5 stars,"Reviewed in India on December 13, 2019",Verified Purchase,"This is almost a flawless product and I got it with an amazing discount from Amazon. True value for the price I paid for this mixer grinder. It's extremely easy to use, pretty much easy to clean and the noise level is good as well, if not the best. To conclude I'd say that it's absolutely worth buying. Thank you.",2 people found this helpful
Jyoti Gadgil,Worst product,1.0 out of 5 stars,"Reviewed in India on June 7, 2021",Verified Purchase,"Very poor performance, it is not even capable of grind a simple mango. Making a Mango shake is biggest hurdle for me via this mixer. Please don't buy this product.
And the retail Cloudtail they are making fool of all of us. I have initiated 4 times for return but nobody comes to pickup, similarly i have complaint 2 times to Amazon customer care but they give you assurity thay pick up will be on time but nobody comes. A big loss, not expected from Amazon CC",One person found this helpful
forkarun,"low quality, and not in line with the BAJAJ brand name",1.0 out of 5 stars,"Reviewed in India on December 4, 2019",Verified Purchase,"The Rex-500 which I bought recently (almost new still) has got a loose screw tumbling around inside the motor casing.  One can hear the clanking sound when moving the machine, but not when running it.  The RX-500 which I bought a year or so ago has got it's switch stuck in a single speed 'on' position, and has to be operated with the wall main switch only.  Why did I buy the second unit, when the first one itself has become defective in a year?  I think I went by the brand name, and took the first defect as an odd one, much to my chagrin!  Now I do know better!!",
farook,Poor quality parts. Dissapointed,2.0 out of 5 stars,"Reviewed in India on August 19, 2020",Verified Purchase,"The product is of below average quality. In the 4month of use, one of the jars had a broken rotating fan. Now need to buy the spares. The rubbers around the jar are of bad quality. Cleaning is difficult. Plus the blades inside the jars not too good. My previous sumeet mixer is in its 15th year and still works fine. Very dissapointed with this buy. And above all it is noisy",
Ashutosh K.,DONOT REGRET LATER AFTER BUYING THIS ..,1.0 out of 5 stars,"Reviewed in India on December 22, 2021",Verified Purchase,"The product stopped working one day.. it was in warantee period.. but the nightmares started from there . When i connected with bajaj customer care they said they ll send a technition and it will get fixed.. i asked them any charges for this ? They said technition visit is free as your product is in warantee but any parts change ,you will have to pay.. SHOCKING.. i again repeated its in warantee - same reply pay for the parts. TO NOTE THEIR WARANTEE STANDS FOR TECHNITION VISITS, NOT FOR PRODUCTS.. THEY ARE HAVING THEIR OWN DICTIONARY FOR GLOBAL TERMS..BE CAREFUL WITH THIS DAYLIGHT ROBBERY.. still wanna purchase any bajaj product do at ur own risk",
Aaron fernandes,customers trust maintain,4.0 out of 5 stars,"Reviewed in India on December 1, 2020",Verified Purchase,"Mixer is good and powerful motor for grinding suitable for small family, but I regret to say that delivery had a glitch when I opened the Amazon box and inside the grinder box was open from beneath with a small tap was put when I opened it the plastic knife (stirer) was missing. Please Amazon make a note it's not a big thing missing but it hurts we feel cheated. Find some solution to it.",
Kapil,Good product but not for medium to heavy duty,3.0 out of 5 stars,"Reviewed in India on February 13, 2021",Verified Purchase,"Bajaj products are mostly good.since this machine is 500 watt so is good only for making chutney or blending process.

We cannot even grind soaked pulses,rice (fr dosa ,idli,pakora).if we try to run it fr a minute machinery is gone.",One person found this helpful
Ashishtiwari,"Compact, Good looking & Quality Product",5.0 out of 5 stars,"Reviewed in India on August 4, 2020",Verified Purchase,"Very good looking & portable mixer grinder.
Noise level is little higher side obviously if you are grinding some thing, Noise will produce. Motor is power full. I have used it to grind udad daal, rice also greavy, motor not heated, working fine. good for 4 family members .
All the jars are working well. Only cut the small pieces of things if you are using small jar.
Packaging was not good, just sent the original packing directly without outer Amazon packing cover. 1*/5 for packing.

Overall Good Product",
Ankita Palekar,Happy with the product,4.0 out of 5 stars,"Reviewed in India on October 13, 2018",Verified Purchase,"I am writing it almost after 2 months if its use.

I am satisfied with the product. First time I got damaged container so I replaced it next time it was good.

I rated it 4 because of the lid. It will be better if it has a locking lid, then airtight one. Also you need to continuously hold the lid while grinding otherwise there is danger of gravy being spilled",7 people found this helpful
mohammad yousuf ali,5 Star rating product,5.0 out of 5 stars,"Reviewed in India on October 7, 2017",Verified Purchase,This is my third purchase of same product . Nice performance for residential purpose,15 people found this helpful
Kalyani Das,Will never make a purchase from Bajaj again,1.0 out of 5 stars,"Reviewed in India on July 30, 2022",Verified Purchase,"Thought that I have made a good purchase as it's the Bajaj, but no I made a mistake. Out of the three jars the biggest one's blade was not at all working from initial stage, after lodging complaint twice for the same, I am left with a solution that I have to now pay for the whole jar as it doesn't come under their warranty guidelines. Wow! Such amazing features you people have got. A customer will buy the product with full payment and then if this type of situation occurs they have to pay whole separately again.
Totally not recommendable!",
Talukdar,Go for it,4.0 out of 5 stars,"Reviewed in India on September 26, 2020",Verified Purchase,"The machine is quite versatile and is a very good buy for everyday use. We are using this product for more than a month now and are quite happy having bought this product. Before this we had a lifelong machine, which concked off and thus this time we wanted to upgrade a little yet didn't want to spend too much. We evaluated various machines such as Amazon basics, havells, philips all in the 2000-2500 price range but ultimately settled on this owing to the reviews on Amazon.",
Amal,Disappointed,2.0 out of 5 stars,"Reviewed in India on August 17, 2021",Verified Purchase,"I was a happy customer of Bajaj mixer grinder over last 10 yerars, but this purchase completely shook my trust on the product. All the jars are of inferior quality, im infact using my the jars of my old mixer on this machine. Maxhine Gets tripped off at very small load also. Totally disappointed with the product.",
Amazon Customer,Value for money,5.0 out of 5 stars,"Reviewed in India on April 6, 2022",Verified Purchase,"I have had it for 3 months now and it is running trouble free. The blender is ready good. In the mornings, when I am in a great hurry I often use the large jar for smoothies, middle jar to prepare onion paste and small jar for tomato paste and it is able to manage all that efficiently.",One person found this helpful
Niyaz Ahmed,Not too bad nor too good,3.0 out of 5 stars,"Reviewed in India on October 31, 2020",Verified Purchase,"Now I am writing review after two years of use.
Out of 3, two jars completely damage. The big one is jammed completely, and the mid one (smaller than the big) is broken.
Machine working fine but jars damaged now. I was searching for only jars but I don't see any. Don't know whether to go for new one or what.",One person found this helpful
ritu abani,"the mixi stopped in between when I was using it, bajaj is a cheater brand, poor exprience",1.0 out of 5 stars,"Reviewed in India on August 11, 2020",Verified Purchase,"the mixi stopped in between when I was using it, its a new piece on the very first I cam across this problem. Its a branded product still it felt like a local product and would never ever recommend to buy bajaj appliances, they are the most pathetic ones, Bajaj mixer stopped in between whats the problem, either you should replace it or refund our money back and i can call for the other mixi, Its a bajaj REX 500 model, purchased from amazon and the exprience with amazon is amazing as always b ut we are not satisfied with the product. The product is very very bad poor exprience and cannot recommend to anyone for its purchase the mixi stopped in between when I was using it, its a new piece on the very first I cam across this problem.",One person found this helpful
bharath,Good product for 2 to 3 members use 1/4 jar quantity only,5.0 out of 5 stars,"Reviewed in India on May 25, 2020",Verified Purchase,Good product I got this at 1899Rs Hyderabad. Good packing 👍 good delivery in time. Product is awsome but need to put only half load. Wen you put any ginger garlic to paste pls do not fill the jar. 1/4th of jar quantity shall be run for better results. It's a 0.5KW motor. Over load may not be possible. Good product for a family of 2 to 4 members,3 people found this helpful
Siddharth Singh,"Poor quality, Noisy product.",2.0 out of 5 stars,"Reviewed in India on April 17, 2021",Verified Purchase,"Noisy, grinding is not very effective even during making tomato chutney, does not work evenly , big chunks remains in the jar...Same issues happen when making a shake or grinding anything...
Earlier we had inalsa and it was 10 times better than this product.
Brought this product reading reviews I think made a big mistake as take double time than usual to do same work which I could easily do in Inalsa.
Poor quality product .",One person found this helpful
Harish S,Noisy but good,4.0 out of 5 stars,"Reviewed in India on June 25, 2019",Verified Purchase,"The product is a bit noisy but it looks good and is easy to use. The jars are sturdy and locks properly. The lids are also fine. Also the bushes for the base is good and there are no unnecessary jerks while grinding. The plug provided is a 2 pin plug which I was a bit amazed at when I first saw. Apart from the plug and the noise, it is a best bet to buy this product at the given price.",One person found this helpful
Sagar Rai,Babaj electronics with a Brand of Trust,5.0 out of 5 stars,"Reviewed in India on June 5, 2021",Verified Purchase,"Strong Product and fine quality as the Company Bajaj Promises,
With all these features one needs for Mixer and Grinder but remember it's not a juicer only mixy and for grinding purpose.",One person found this helpful
Mridula kamath,Not too good not too bad.,3.0 out of 5 stars,"Reviewed in India on November 21, 2020",Verified Purchase,Does it’s job well and grinds quite efficiently. But on the noisier side. Also the jars don’t feel quite sturdy. Hence not too sure about it’s longevity. But for the price one cannot expect more I suppose. So if you are ok with yeh noise and will be careful about handling jars carefully this product is for you,
T Ghoshal,Waste of money,1.0 out of 5 stars,"Reviewed in India on July 12, 2021",Verified Purchase,Posting the review after a year of purchase. The mixer broke down twice already. Even basic things like wet masala grinding and milk shakes make the device heat up and stop.,One person found this helpful
Nikil Kotian,Value for money,4.0 out of 5 stars,"Reviewed in India on April 13, 2021",Verified Purchase,"I purchased it for ₹1950. Since it is 500w mixer, jar size is smaller compare to other 600w or 700w mixer. keep this in mind before purchasing.
Build quality is decent not impressive. Power cord length is small, for modern kitchen it should not be a problem.",One person found this helpful
Sanjay Khunt,Worth the price.,5.0 out of 5 stars,"Reviewed in India on June 20, 2020",Verified Purchase,I have just use it since 5 days. I am so happy with this purchase. I highly recommended this product. Yes i had one top lid broken first but they replace it within 4 days. Replacement process need only click from your account. Any one looking for similar. Go for this. You will not regret. I hope they provide same quality product always. Worth the price.,
Bikash Samanta,Nyc Product in the Price Range,4.0 out of 5 stars,"Reviewed in India on June 4, 2017",Verified Purchase,Quality Product from Bajaj. Although I use it for Fruit Juices & Milk Shakes only. Got a good deal from Amazon in Great India Sale,14 people found this helpful
vishal k.,The  jars  gets stuck worst product ever I bought online,5.0 out of 5 stars,"Reviewed in India on August 2, 2021",Verified Purchase,I went for the brand and got d worst product ever I bought online. The jars gets stuck in machine and it just spins and spins but u can't pull it out !!! One of my jar is stuck now and just twists on but won't get out. Don't buy it,2 people found this helpful
as,Lock feature,1.0 out of 5 stars,"Reviewed in India on June 29, 2020",Verified Purchase,"l am a tech.person I bought this rex bajaj 500w mixie. Previously I used Kanchan 500 w mixie. To say facts. I observed Kanchan mixie more strong robust and weighty where as this bajaj is light in weight. I presume may be it is due to field coil winding as well as armature weight. The blades are also delicate. Unless it is opened it cannot be said about winding and armature. But I feel the motor wattage is 500 watts or not. Let us see how it performs. Overall robust or not, take normal load or trip during operation is wait and see only",One person found this helpful
Concerned,Very Noisy and gets hot,2.0 out of 5 stars,"Reviewed in India on June 8, 2020",Verified Purchase,"I bought it after looking at the good reviews at such great number. I bought it for my grandmother, something simple and easy to use, not too many attachments. She started using it after many months and she doesn't like using it because it is very noisy and gets hot. Now I cannot return it.",One person found this helpful
Rohit Gaur,Poor quality mixer and jars.,1.0 out of 5 stars,"Reviewed in India on November 7, 2020",Verified Purchase,"Product quality not up to mark. The quality of jars is very poor and lids of very bad quality plastic. The mixer and jars become too hot in just a few seconds of use.
Complained to the company as well as amazon but since the complaint was made after 10 day return bracket so no action taken. Very very dissatisfied with the product and service.",2 people found this helpful
Chintan,Very Weak motor,2.0 out of 5 stars,"Reviewed in India on October 16, 2019",Verified Purchase,"Not at all powerful. You can use this for doing very basic tasks such as making chantni etc. It dies when you grind for dosa batter or methi or jeera etc.

Returned this immediately, bought the Sujata Mixer Grinder set and trust me, they say it right, ""Sujata, isse aacha mixer nahi aata"" :p",One person found this helpful
Praveen Murarishetti,It's good for small family,4.0 out of 5 stars,"Reviewed in India on June 29, 2021",Verified Purchase,"It's been few months now, working really well. Considering the size and capacity, it is really good for a small family. Adding another ultra small jar for masalas and small quantities is really good. However, the one came with this is working but need to put more quantity.",
Chirag Sharma,Take it,5.0 out of 5 stars,"Reviewed in India on June 2, 2021",Verified Purchase,"Best under budget.
Apart from those fancy juicer mixer , you can save money on this compact and 'done ur work' product.
If noise level is your concern than go to other costly ones.
But ofcourse you are desi guy spend ur childhood with traditional grinder so this is the best price to performance grinder.",
Amazon Customer,Product is not so good not so bad,4.0 out of 5 stars,"Reviewed in India on July 28, 2020",Verified Purchase,"Product is good not upto the mark but If you are planning to buy mixer grinder then go with 750 watts of motor or you can buy mixer, grinder & juicer with 750 W of motor. This machinery is good for to make chutnies, grinding masala, onion-tomato paste, but not good for grinding beetroot, carrot. Overall machine is fair to buy and use but if you push your buget go with 3 in 1 feature with 750 W.",One person found this helpful
Mithun,Very bad experience from Amazon,1.0 out of 5 stars,"Reviewed in India on February 28, 2021",Verified Purchase,"I ordered this item 1 week back and I got it with a defective lid.. then i initiated replacement and again I received a new one with one of the lid broken.. this is absolutely a bad experience for me.. since I am having urgency, I am going to start using it and don't want to replace it again.. I am not going to order any electronic item from amazon anymore.. I am planning to move to Flipkart.. Worst experience I had",One person found this helpful
Mak,Replacement failed,1.0 out of 5 stars,"Reviewed in India on September 30, 2021",Verified Purchase,"I ordered the first product and it failed while using it to grind soaked chana daal. I got a replacement with a smooth process from Amazon but the replacement also failed within 2 months, while grinding the soaked daals(moong this time). Doesn't seem a durable product. Sadly can't return as the window is closed.",
Ritika ,Why does it not have a spatula ... How do we clean without removing the blades,3.0 out of 5 stars,"Reviewed in India on March 15, 2022",Verified Purchase,"The Product is good but why is the Spatula not given .... I would like to return the product coz cleaning the jar without removing the blades will be a pain

When I spoke to customer care they told spatula is no longer included",
Vasu,"Meets expectations, but...",4.0 out of 5 stars,"Reviewed in India on October 21, 2020",Verified Purchase,"The performance is good and kind of meets our expectations. However, one shortcoming is that the blade provided with the largest jar is very small in terms of diameter and also the clearance from the bottom is high. Hence it is sometimes unable to do the job well. This can be improved.",
SAYAN GUPTA,Ultimate value for money for the trustworthy mixer grinder,5.0 out of 5 stars,"Reviewed in India on November 7, 2019",Verified Purchase,"Recently bought on Diwali Sale so got INR 250 discount! Very good product, easy to use, easy to clean! Though you can't expect noise free mixer grinder, so there is noise level but not too much! Quickly we can make a paste, powder, dust! Also blades can be open for cleaning too, though not required. Most trusted Mixer grinder from the house of another trustworthy brand, and seller also good! Ultimate value for money for this mixer grinder! We are actually running a food and cooking channel on YouTube (Our channel : Happy Cooking Bongs) so we bought this after we move to a new city.",
Sudhamshu Chandra,Great mixer,4.0 out of 5 stars,"Reviewed in India on August 13, 2019",Verified Purchase,It's a very good option in that price range. The only problem is cleaning the big jar. The blades are fixed on such a way that the grounded thing goes into the small crevices which are unreachable and hence not easily clean able. The chutney jar is good. The mixer is good for 2 people or 3,One person found this helpful
Ashutosh M.,Damaged Jar Received,3.0 out of 5 stars,"Reviewed in India on June 3, 2021",Verified Purchase,I ordered this product from Amazon and one of the Jar was damaged. Rest everything was working fine. I raised a replacement request and it was approved. Thank you Amazon.,One person found this helpful
Vijay Singh,Best product from Bajaj. Stay away from scary review,4.0 out of 5 stars,"Reviewed in India on January 25, 2022",Verified Purchase,Don't go by scary reviews. Bajaj is very old and trusted company. Sometimes defects peices comes but Amazon always has return policy we can exchange them. Luckily I didn't got any defective peice and it is running very smooth and low voice motor.,One person found this helpful
raaj,"Great deals in ""AmaZing "" as usual.. but",5.0 out of 5 stars,"Reviewed in India on October 16, 2019",Verified Purchase,"Great deals in ""AmaZing "" as usual.
Product is a bit Noisy than other brands we are using (Glen and Preethi). But very strong motor-maybe because this is new & others a bit older than this..
Overall, happy for now..

Will update if any issues..",One person found this helpful
Ms.GM,Below Average!,2.0 out of 5 stars,"Reviewed in India on February 28, 2022",Verified Purchase,If you expect your end product to have a finely grinded consistency it might not do the work. You'll always have to hold the lid tightly when using this mixer to avoid spillage. Not the best!,
Mayank,Money wasted,1.0 out of 5 stars,"Reviewed in India on August 2, 2021",Verified Purchase,Chatny jar got rusted within a month use. Other 2 jars can't say as wet jar was used only once. Would not buy again,2 people found this helpful
Anurag Kumar Singh,noisy but cost effective,4.0 out of 5 stars,"Reviewed in India on June 10, 2020",Verified Purchase,"Bought this product for about 1900. The noise levels are a bit on the higher side. But the motor seems powerful. Havent yet tried blending masala but works fine for daily stuff like pureeing. The jars lids dont lock , but i am yet to find  a mid range mixie where the lid lock option is available. for single people and students, totally buyable product.",
Amazon Customer,"U can't expect such a noisy grinder, unnecessary sound polution",1.0 out of 5 stars,"Reviewed in India on December 5, 2021",Verified Purchase,Because of its loud noise.one should not buy preferring for low noise features.Lock features is not good. U will have to put fingers on lid of grinder every time u doing wet grinding,
BHANU,One month main 2 bar khrab ho chuki hai bakwas mixer,1.0 out of 5 stars,"Reviewed in India on April 10, 2022",Verified Purchase,Bakwas mixer hai one month main 2 bar khrab ho gai. Jaha 5 minute chali niche se red button khrab isse bakwas mixer Maine aaj tak nahi dekha,2 people found this helpful
Anshu,I have trust in Bajaj so I went for it.,5.0 out of 5 stars,"Reviewed in India on August 1, 2021",Verified Purchase,Noise level is ok. .it's a mixer grinder which rotate at 20000 rpm so it's understandable for me .I don't know why other people keep shouting it's noisy .The jar are in good size good for a family of 4 to 5 .The packaging was good too .The lids are air tight .they have given  a rubber like material to keep the jar air tight .In short everything is perfect .just buy,
Ruchika,3 years and no Complaints,5.0 out of 5 stars,"Reviewed in India on August 4, 2020",Verified Purchase,"Have been using this since 2017. Buying again for my parents. Very reasonable and performs all that we expect from it. For milkshakes I wish the Jar was bigger, more than two glasses it starts leaking but I can't complaint for something that's priced 1700 .",
Sai krishna,"Ok, it takes more time to blend",2.0 out of 5 stars,"Reviewed in India on August 15, 2020",Verified Purchase,"Taking more than 2x time to make banana milkshakes also
The wet jar is taking more than usual to blend which may be because of the tiny blade
Weakest 500watt I have ever seen
Overall ok
Noise level is quite impressive",One person found this helpful
Pradip,Very good and reliable product.,4.0 out of 5 stars,"Reviewed in India on March 27, 2022",Verified Purchase,"Overall it's a good product. Noise level is lying in moderate region, so no problems. Lock feature is quiet good and it's easy to clean. On top of this, it has sticky legs, which doesn't let it shift during grinding and that it necessary also.",
Partha,Good but not the best.,4.0 out of 5 stars,"Reviewed in India on November 27, 2018",Verified Purchase,Good product. Not suitable for heavy grinding like urud dal and all. But is of good use for normal day to day use. Sounds more than usual but there is no defects found in motor even after 4 months of use now. Initially there was some burning smell which went away later after repeated use.,One person found this helpful
chandrahas,Jars are not proper in fitting with mixi,1.0 out of 5 stars,"Reviewed in India on March 15, 2022",Verified Purchase,Bigger jars are not proper in fitting. If you fit bigger jar to mixi it's very challenging to remove again it's not easily come out to if I want to replace jar to smaller or medium. Disappointed because of the jars,
KAUSTAV SAHA,Works like a mixer grinder,4.0 out of 5 stars,"Reviewed in India on January 20, 2022",Verified Purchase,Works exactly like a mixer grinder. Has enough power to not get stuck with any load. All this while taking up from not too much space. And there's the trust of a major brand like bajaj.,One person found this helpful
SS,Average,2.0 out of 5 stars,"Reviewed in India on February 28, 2021",Verified Purchase,"Noise level very high for 500W, Chutney Jar grinding is very poor, Jar material is thin. Received with loose screws! One blade was adjusted the height with a spacer on the bottom or otherwise it will scratch the jar",
Jaya,Great buy,5.0 out of 5 stars,"Reviewed in India on April 8, 2021",Verified Purchase,"I have been using this mixer for over a month now and am really happy with it.
Have only made juices, chutneys, and buttermilk and it works very well.
Feel like I should have bought it sooner.
Definitely will recommend it given the ease of use, noise level, and price.",
Shreeja,Horrible mixer grinder with so much noise,2.0 out of 5 stars,"Reviewed in India on August 29, 2019",Verified Purchase,"The product is not good at all. I added just one onion to make a paste and the end result was bits of onion not grinded properly at all.
The noise level is not tolerable. It's enough to wake the whole building. It's so loud and annoying.
Im very disappointed in this mixer-grinder.",
SVK,Too noisy and gasket very flimsy,3.0 out of 5 stars,"Reviewed in India on March 21, 2021",Verified Purchase,"Extremely noisy.
The rubber gasket of the small jar (haven’t tried taking out the others) is so flimsy that I comes out as pieces. So hard to clean the jar lid .Blades are not that sharp so takes a long time to grind. For a little more money can get better mixie. But for those who can’t,this is an ok option.",
Samar,Proud to have a company like BAJAJ,4.0 out of 5 stars,"Reviewed in India on October 27, 2020",Verified Purchase,"This is the first day using Bajaj rex, starting with grinding dry almonds . The result is up to scratch. Locking feature is very good, handle sturdy, noise level is high , overall beautiful and very good. Hope it'll work efficiently.",
Reema Bhattacharya,Didn't expect this crom bajaj,3.0 out of 5 stars,"Reviewed in India on August 3, 2021",Verified Purchase,"Very weak product. The juicer blade doesn't work well
I alsi had to change the chutney and paste jar blade.",One person found this helpful
Siddhartha,"The blender is useless, grinder is better",3.0 out of 5 stars,"Reviewed in India on May 20, 2019",Verified Purchase,"The blender is near, if not totally USELESS. I needed to micro-cut my mango before making the smoothie. Banana milk shakes are even worse with lots of pieces floating. Better to chop the banana into tiny bits as well if you are going for this model. Haven't tried cold-coffee but that should be easy.

The grinder is MUCH BETTER than the blender. The hummus was smooth but again, I had to run it four times with adequate water. Haven't tried the chutney jar.",One person found this helpful
San Sun,Good product,5.0 out of 5 stars,"Reviewed in India on March 23, 2019",Verified Purchase,"Small size, easy to use...
Noise level is moderate...
Vessels are leak proof...
Easy to clean and handle because of small and compact design... Takes small space to store.
This is my second purchase. First in January 2019 and now again in June 2021. Best product.
Go for it....",
Biswajit P.,Good quality product by Bajaj,5.0 out of 5 stars,"Reviewed in India on December 19, 2018",Verified Purchase,"The product is very useful to grind dry and wet, useful to make wet rice grind for dhosa, product has 4 different modes. One good thing is reset option to restart the product in case of overload, to prevent the motor from harm. Jars made by steel and capacity as same as described in website, delivered in time by Amazon",
Steffy,Grinding at its best!,5.0 out of 5 stars,"Reviewed in India on July 21, 2021",Verified Purchase,"Used the product for 2 weeks continually everyday while cooking.
The grinder Is perfect and comfortable to use.
The blades are sharp enough. Which saves alot of time while cooking.
Easy to clean and use.
Noise level is bearable but could be better.
Lock feature is definitely the best part of the grinder.
The price of the product is worth it.
Highly recommended!",
HARI NARAYAN TIWARI,About Product,3.0 out of 5 stars,"Reviewed in India on June 7, 2019",Verified Purchase,"It is very helpful to me but I suggest you to buy more power mixer because it can't grind the pulses and other it all ok . It is too cheap and very good product . This product is very appreciatable .
If want low power mixer than it is best for you . It contain three jars which help you to grind items at an times .
Thank you",One person found this helpful
Amazon_customer,Stopped working in 10 Days .Worst mixer grinder 🥶☠,1.0 out of 5 stars,"Reviewed in India on December 11, 2020",Verified Purchase,"Don't buy this mixer grinder
It has a low quality motor stopped working in 10 days after 3 times use ( I grinded chatni 3 times ) .Worst product so I had returned .

Check the return Policy",
Mohan Jhangra,"Don't purchase, World's no. 1 worst product",1.0 out of 5 stars,"Reviewed in India on February 14, 2021",Verified Purchase,"It's my humble request to all, Please don't purchase this Mixer Grinder, it's better to purchase local brand as it will work more efficiently then this so called Bajaj Brand Mixer grinder.
#liyatipachtaogay",
Ravi,Rex.. noisy but a decent blender,3.0 out of 5 stars,"Reviewed in India on October 29, 2020",Verified Purchase,"Firstly it is very noisy when compared to my prior butterfly and preethi mixies.
Next is the grind.. I bought this as additional one for small jar only.. the blending is fine.. I am happy about the grinding.
The jars finishing could have been taken care as they are sharp and while washing or removing the lid after blend could cut.
There are no jar locks so we manually have to hold them.",
Azhar,Best products in this price range,5.0 out of 5 stars,"Reviewed in India on January 27, 2020",Verified Purchase,"Here my Honest reviews :
✔Delivering process so fast💯
✔Build quality 💯
✔Stylish💯
✔Grinding 💯
✔ Electric requirement💯

❌ Motor is 500 watt which is not good for grinding some heavy items
❌ There is no Juicing jar
❌ Noise

I got it in rs 1800 which is suitable price for this product.. So go for it without hesitation.",One person found this helpful
Naz,What about warranty?,3.0 out of 5 stars,"Reviewed in India on October 31, 2020",Verified Purchase,I have received the product with warranty card but as per warranty this warranty is not applicable in case of the warranty card is not dully filled by the selling dealer. Please send a valid warranty card.,One person found this helpful
HK,High noise unsafe,1.0 out of 5 stars,"Reviewed in India on August 17, 2021",Verified Purchase,"I have never expected a product this worst from bajaj. Extremely disappointed. I have seen reviews though trusted the brand. Not grinding properly, high noise, jars getting heat after 2 minutes of grinding which we should worry about. Not safe.",
Krishna KK,Go for it if you are short on budget,2.0 out of 5 stars,"Reviewed in India on January 27, 2021",Verified Purchase,This is an average product. The blades are not very sharp and you would need to run the mixer for a long time. Then the jar would jam because of heat and you have to wait for some time to remove the jar. So unless you are short on a budget do not go for this.,
Dr. T,Ok product,4.0 out of 5 stars,"Reviewed in India on September 1, 2021",Verified Purchase,"Delivered fast,
Packaging good,
Product working fine.
I ordered 500w for a bachelor, if you are a family try to go for 750 w more watt.",
Akshat Priyadarshan,Does the job !!,3.0 out of 5 stars,"Reviewed in India on January 19, 2021",Verified Purchase,"Not very good in making any shake, pieces of fruits are always left in big chunk irrespective of how long you run.
Jars are too broad at bottom which doesn't allow the fruits to be correctly mashed. Tried making shake in medium jar as well, same results.
Overall product is ok.",
smriti tripathi,Please do not buy,2.0 out of 5 stars,"Reviewed in India on January 16, 2019",Verified Purchase,"The item looks quite cheap, the blades are not sharp enough and/or the motor is not powerful enough! It could not even blend boiled tomatoes for soup properly. Returned it. The plastic and the rubber both have a cheap quality feel. Better to invest some more more money and get a Philips one.",
A prime Customer,Good Mixer / grinder at this price...,4.0 out of 5 stars,"Reviewed in India on August 12, 2020",Verified Purchase,"Good Mixser at this price...

However; the Mixer jar should have been bigger.
Secondly, the blade unit of medium Grinder jar broke (In hardly few month of usage) and also the jar gets stuck in the mixer lock.",
Dr Siddhartha Basu,Unusual Cracking Noise in use !,3.0 out of 5 stars,"Reviewed in India on August 28, 2020",Verified Purchase,Video Player is loading.,
Mukesh Mangal,This is not perfect for the juicer,3.0 out of 5 stars,"Reviewed in India on June 17, 2022",Verified Purchase,I am using this mixer for making some gravy it’s working good but when I use the large jar for mango juice . It is failed I mean the mixer not perfectly mixed and grind the mangos. So go for better than this,
Bala,Some items missing,2.0 out of 5 stars,"Reviewed in India on August 2, 2021",Verified Purchase,Jar closing cap not provided with any of the jar and also the plastic knife type cum jar tightening blade not provided,One person found this helpful
Amazon Customer,Good product.,5.0 out of 5 stars,"Reviewed in India on September 22, 2021",Verified Purchase,"Good product, nice finish, performs very well.
However Bajaj usually get products from China and then relabels them here as made in India.
I hope this is truly made in India as label suggests.",
NAZNEEN,Jars are worst and low quality.,1.0 out of 5 stars,"Reviewed in India on September 1, 2021",Verified Purchase,"Don't buy. Jars are worst and are of low quality. Jar is getting locked in way that you need to break it, not at all smooth. Not at all elegant design, no grip and it slips. It takes a lot of effort to take out the jar from the mixer. We literally need to buy a new one to get rid of this piece. It makes a lot of noise as well. Not expected from Bajaj.",
Chintan Antani,"Good product, but stopped working in 7months!",2.0 out of 5 stars,"Reviewed in India on June 8, 2020",Verified Purchase,"The item was bought in the end of last year. And it has now stopped working.
Suddenly it just stopped working.

It has a one year warranty and I’d like to claim for the same.

Hoping for a quick resolution!
Thanks!",
Abhishek Rawool,I bought this mixer at just 1600 at Amazon great Indian sale,5.0 out of 5 stars,"Reviewed in India on April 20, 2018",Verified Purchase,I bought this mixer at just 1600 at Amazon great Indian sale. Nice product. Happy to buy it from Amazon,7 people found this helpful
Usha Sowjanya,Only use age wise good. External factors are worrying,3.0 out of 5 stars,"Reviewed in India on November 30, 2020",Verified Purchase,"Too much noise
Not staying at one place while removing the jar
Even rubber cords not holding at all
Usage is good
Able to grind the batters
Useful for grinding",
Amazonia,Bad  product . broken product,1.0 out of 5 stars,"Reviewed in India on December 21, 2020",Verified Purchase,Disappointed with bajaj product for the first time ..I trust Amazon and even bajaj is very good brand but now ..what u did u sent broken product ..I want my grinder with very good condition ..,
AJAY S.,Mixer Blades are poorly designed,1.0 out of 5 stars,"Reviewed in India on March 22, 2022",Verified Purchase,Bajaj Mixer Grinder Blades are so poorly designed that it does not grind properly. Very hard to make smoothie. Fruit lumps are found even after grinding for long time. Makes very very loud sound. Very disappointed and unhappy with this product. I strongly recommend not to buy this product.  waste of my money.,
Dharmesh A.,Bajaj Rex worst product,1.0 out of 5 stars,"Reviewed in India on February 16, 2020",Verified Purchase,"One of the worst product I have ever bought online, guyz plz don't buy this product, this product does not perform to its expectation especially when a dosa/idli batter is put for grinder the motor will keep getting off and it starts heating up....",One person found this helpful
GOUTAM DAS,"While operating it, you may feel as if someone is drilling into your home",5.0 out of 5 stars,"Reviewed in India on July 18, 2021",Verified Purchase,I have been using this mixer grinder for almost two years and then I am keeping my opinion here.I believe you will have no complaints about this grinder if you use it. I have not had any problem issue so far. Bajaj Company's REX 500 is a product of standard quality. You will not be disappointed to see its excellent work after buying it.,
NAREENA,Waste of money,1.0 out of 5 stars,"Reviewed in India on July 2, 2022",Verified Purchase,Jar got broken on the very first use poor Quality waste of my money I am going to return the product,
SC,OK purchase,3.0 out of 5 stars,"Reviewed in India on August 18, 2020",Verified Purchase,Not very happy with the purchase but it solves my purpose of grinding. Doesn't grind as fine as expected. For this price you can't expect a lot. Buy if you don't need to use it daily or make a lot of curry powders and masala grinding etc,
Asit Debnath,Don't make your buying decision based on 5 Star ratings.,2.0 out of 5 stars,"Reviewed in India on December 15, 2020",Verified Purchase,"These review is after 3 months of usage.I won't recommend it as the product is excessive noisy. Everytime I use it, I get annoyed by it's noise. Blending quality is also ok, nothing outstanding here. The only thing stand out here is its price; Its affordable and thats it. If you still want to buy it don't keep high expectations from it.",
Apeksha,Value for money..best for the price,4.0 out of 5 stars,"Reviewed in India on February 2, 2022",Verified Purchase,Writting this after using it extensively for almost 3 years.. Haven't faced any issue except for the need of replacement of chutney jar blades..which is understandable looking at my frequency of use..,One person found this helpful
Banshi,Nice product,5.0 out of 5 stars,"Reviewed in India on January 10, 2020",Verified Purchase,"I have been using it for couple of years, it still looks fresh and new, We use it for everything including spice grinding, the noise level is q little bit high but I am seeing it no hampering problem, the Jar was damaged once but the Bajaj executive replaced it at my home, I just had to call the Bajaj care.",
Amrit V.,Good Product,4.0 out of 5 stars,"Reviewed in India on May 26, 2022",Verified Purchase,Very nice machine. Easy to handle as it is lightweight. Some time its like stuck while grinding but working perfect . Long time used happy with product,
Serene Ferns,Good mixer,5.0 out of 5 stars,"Reviewed in India on July 5, 2020",Verified Purchase,"A good mixer at an economic price.  Ideal for a small family. Been using it for more than a month now, grinds well.  Far better than buying an expensive mixer. The only cons is that the mixer gets hot very fast.",One person found this helpful
pamruta,Slow and Inefficient Product,2.0 out of 5 stars,"Reviewed in India on April 2, 2019",Verified Purchase,"Takes really long time and several spins to blend even simple milkshakes properly.. tried to make oreo / kitkat milkshakes but even after several spins, there are large chunks and pieces of chocolate / biscuit in the shake.. didn't blend properly at all..",
Pooja More,Strong and Powerful!,4.0 out of 5 stars,"Reviewed in India on February 18, 2022",Verified Purchase,"Best purchase!
The trusted brand Bajaj, powerful, strong, durable, and stylish. Takes less space.
Strong rubber grip at bottom.",
Swakhar Saha,Budget wise best,5.0 out of 5 stars,"Reviewed in India on January 22, 2022",Verified Purchase,"Received in a fresh, clean pack and all the products found, were in its original form. Motor is made of copper. So, no question regarding its quality. For me, its best @ Rs 1999.",
Suryakant Chaumuwal,Super one,5.0 out of 5 stars,"Reviewed in India on July 25, 2020",Verified Purchase,"I gifted this to my sister and quick delivery made us happy. The product is really nice, does not create much noise and is easy to clean. Three jars fits everybody's requirement and all household purpose",
Rai Antriksh Kumar,Average,3.0 out of 5 stars,"Reviewed in India on December 18, 2019",Verified Purchase,"Product overall performance is good in this price range. Have to hold the lid of jar while grinding which I don’t like. Blades of jars are not very sharp.
You can get similar output on some cheaper brands as well though.
For better grinding performance you can go for Sujata",
Raja,Nothing,4.0 out of 5 stars,"Reviewed in India on December 19, 2020",Verified Purchase,This product is good for small requirements. I received the same product  with good condition. And it good for  milkshake but juice jar is not good. but I'm happy. if you want to use for home then it will be better to purchase little expensive this product is not full fill your all requirements.,
PavanKumar,Not recommended for daily home needs on long term,3.0 out of 5 stars,"Reviewed in India on June 14, 2022",Verified Purchase,"It is good in earlier to use as a bachelor,for juices and shakes on temporary basis .
When it comes to daily routine, the grinded particles are not fully crushed ,it needs 3 or more times to spin after 4 months",
Raghunath,Worth of price but for family use go for 1000 W,4.0 out of 5 stars,"Reviewed in India on December 1, 2020",Verified Purchase,"Worth for price.Yes it's usefull for small family around 2 to 3 members and we can't use it for rice grinding like hard items.mixer will heatup and sometimes it will go OFF if you are using for hard items since it's 500 W.

My suggestion is to buy more than 1000 W Mixer for family and it won't heat up quickly.",
KP Prime,Best product as brand of Bajaj,5.0 out of 5 stars,"Reviewed in India on January 19, 2019",Verified Purchase,"I received this in proper packing. Very compact design. Quality of jars are very good.It creates less sound as compare to other in this price range.

If u like my comments kindly click the 'Helpful' button below after my comment ;) Keep shopping :)",
anand kumar,Broke Jar lid Unboxed product.,1.0 out of 5 stars,"Reviewed in India on November 18, 2018",Verified Purchase,This product is waste of money. I got an unboxed item with bad packaging and a broken jar lid. The product is Amazon fullfilled but this kind of delivery is unacceptable. Plastic quality is very flimsy. Even the handle is not rounded properly. Sticking rubber at bottom seems week and can't take much movement when placed and prone to breakage. At this price getting such a low quality product. God knows about the Motor quality. Don't invest your money in this.,
Amazonian,Dissappointed,2.0 out of 5 stars,"Reviewed in India on September 28, 2019",Verified Purchase,Dissappointed with this product. Chutney maker is useless and can not make tomato paste or garlic paste without pouring lots of water and stirring many times. Looks like design fault in the blades as its not able to move the content. You have to open it two-three times and stir it and mix it again and again to make paste. Dry mixing is little better. Also steel used is paper thin.,
KC_BLR,So far so good,5.0 out of 5 stars,"Reviewed in India on January 15, 2019",Verified Purchase,"I waited 6 months to write this review as the previous brand I got, I gave great review and it lasted 6 months only.
This one is efficient, very noisy, has all yhe jars we needed, sometimes ww feel we should have gotten a more powerful motor mixi",
Buyer,Value for money,5.0 out of 5 stars,"Reviewed in India on April 18, 2019",Verified Purchase,"Received today and have to say that it looks stylish and elegant. Haven't started using yet and only checked whether it was working or not. When I switched on the mixer to, sans any jar, I felt that the noise was a bit high. All in all a perfect buy in this price range. But I was expecting 3 pin plug instead of 2 pin plug",
SAJID KHAN,Saw something found something thanks amazon,5.0 out of 5 stars,"Reviewed in India on August 7, 2020",Verified Purchase,"amazon delivery that I would say on time I had seen this on the site, it had written Bajaj Rex 500 in it. When opened from the box, only Bajaj was written, only meant that something else was shown.",2 people found this helpful
Amazon Customer,Bought it and returned it,2.0 out of 5 stars,"Reviewed in India on June 18, 2020",Verified Purchase,"Bought this for my mother. It looked nice but as it turns out , It's flimsy and broke on first use while grinding haldi. Asked for a refund which I got soon after the product was picked up from my house. happy with Amazons refund policy and return service.",
RSP,Defective Chutney jar,1.0 out of 5 stars,"Reviewed in India on March 9, 2021",Verified Purchase,Damaged screw in the chutney jar which is making unacceptable noise; surprising to receive defective product from Amazon's reputed vendor Cloudtails,
Snehal A.,Noisy but good,5.0 out of 5 stars,"Reviewed in India on September 9, 2019",Verified Purchase,"The mixer is quite noisy. Also it is only 500 watt hence we cannot grind idly dosa batter hence go for 750 Watt Mixer. it is quite difficult to grind it.
You can buy it if your budget is low and you want something good but if budget is not the criteria then please take 750 Watt mixer only it will helpful than this",One person found this helpful
Biswajit Sinha,product malfunctioning withing 2 months of purchase. Not able to avail the warranty,1.0 out of 5 stars,"Reviewed in India on January 20, 2022",Verified Purchase,"The product comes to a complete halt within 2 months of purchasing. I cannot even register this product for availing the warranty. However, it is mentioned that the product is covering 1 year of warranty.

Absolute bizarre. I would suggest not to buy any product from this seller.",
Kindle Customer,Noise,4.0 out of 5 stars,"Reviewed in India on July 2, 2022",Verified Purchase,Design needs to be further improved with respect to noise that it generates.,
Sachin P,Good product,5.0 out of 5 stars,"Reviewed in India on August 31, 2021",Verified Purchase,"The quality of the product is very good. I have been using it for few months now, little noisy but not much (tolerable).
Go for it.",
Rahul mangal,satisfying,5.0 out of 5 stars,"Reviewed in India on December 7, 2021",Verified Purchase,"We have been using bajaj's mixer from last 10 years without any problem , reason why i bought another to gift 🌼
Good one",
Hareesh T.P.,motor seems to be good but not sure on its behaviour in the long ...,2.0 out of 5 stars,"Reviewed in India on April 22, 2018",Verified Purchase,"got a broken jar base, motor seems to be good but not sure on its behaviour in the long run.",11 people found this helpful
Amz Customer,Average Product,3.0 out of 5 stars,"Reviewed in India on October 10, 2019",Verified Purchase,"Pros :
-Doesn't smell
-Heavy Duty
-Doesn't Rust
-Small and Medium size jar is good but not suitable if you want to blend in small quantities
Cons :
-Difficult to clean as blades are not removable.
-Extremely noisy
-Largest jar is of no use literally. As truly mentioned in many comments it can't even blend a soft banana properly, forget making juices or smoothies",
Sood,Not good in grinding,1.0 out of 5 stars,"Reviewed in India on January 18, 2022",Verified Purchase,"1. The size of all jars are small in comparison to other companies.
2. Middle jar chokes usually.
3. Not able to grind daal(pulses) for making pakode etc.
Overall not satisfied with this product.",
PRAWEEN KUMAR MURMU,Best for light domestic use.,4.0 out of 5 stars,"Reviewed in India on December 13, 2019",Verified Purchase,"Nothing special about this mixer and grinder .Low price and lower wattage.
Good for domestic use.For heavy use it is better to go for higher wattage.",One person found this helpful
Vik,Not a long lasting product,1.0 out of 5 stars,"Reviewed in India on November 5, 2019",Verified Purchase,"Just after 1 year, motor got damaged and when sent for repair i came to know it was burnt. Just wondering whether quality of bajaj has come down or a duplicate equipment in name of bajaj was sold to me.
Complete waste of money.",One person found this helpful
medha,Average,3.0 out of 5 stars,"Reviewed in India on May 18, 2020",Verified Purchase,"Nice product overall. ..but highest level of noise...except small jar others cant b used for fine powdering...need to hold it while it grinds , cant remove hand from top while functioning.",
Mallik,Good one for home,4.0 out of 5 stars,"Reviewed in India on January 28, 2021",Verified Purchase,,
Animesh,Nice product but not original.,1.0 out of 5 stars,"Reviewed in India on October 23, 2020",Verified Purchase,The product I got is not original. Bajaj Rex 500 original logo is missing. Spoon is missing.small jar is already broken non functional. Not rotating. So I immediately return it.,One person found this helpful
Chander Kararia (Kindle Customer),Best with this price range,3.0 out of 5 stars,"Reviewed in India on May 15, 2019",Verified Purchase,"I have been using this product for a while now. So here is my review
Pros:
1. Less Price
2. Durable
3. Easy to handle
4. Built quality

Cons:
1. Sound (its too loud)
2. Jars fixing is ok.",One person found this helpful
AmazonCustomer,Good one but jars thickness could have been better,3.0 out of 5 stars,"Reviewed in India on January 17, 2021",Verified Purchase,Received product undamaged and no missing parts. All 3 jars looks fine and works fine. But quality of steel seems not that good and very thin.,
Kindle Customer,Please do not waste your money on this product!!!!,1.0 out of 5 stars,"Reviewed in India on November 30, 2019",Verified Purchase,"Worst product bought online till date.
Right from the first use:-
Blades are not sharp, hence doesn't grind fine.
Too noisy because, jar doesn't sit properly on the machine.
I do not recommend buying of this product as it's just waste of money.",One person found this helpful
Vishal,Worthless product,1.0 out of 5 stars,"Reviewed in India on September 8, 2020",Verified Purchase,"I bought this Mixer grinder from bajaj in the month of March, after just 6 months of normal functioning, yesterday all of sudden it stopped to functioning. I have very unpleasant experience of selecting this product for daily use,  nothing more to say.",
Aniket Goel,Excellent Service Provided,5.0 out of 5 stars,"Reviewed in India on April 13, 2021",Verified Purchase,"Giving a full review rating because of the fact that there was a mechanical fault in the knob after 8 months of use, I logged a complaint on toll free number of bajaj, they got it fixed under warranty within 6 hours. What a relief.",
Gokulnath AD,Easy and Super grinding,5.0 out of 5 stars,"Reviewed in India on July 7, 2021",Verified Purchase,Purchased without Juicer since we don't use it much for long time.. Very nice and easy to handle and performance also good,
Aditi Juneja,Everything good but broken one lid,3.0 out of 5 stars,"Reviewed in India on February 3, 2022",Verified Purchase,Everything is ok...but one of the lid is broken..very disappointing..coz have to give it to someone..and replacing is taking a lot of time...so have to keep it...,
Rehan,Best in the market,5.0 out of 5 stars,"Reviewed in India on November 28, 2020",Verified Purchase,"I bought two mixers before..but no one had that much perfect grinding..
This one is best product,but a little bit noisy
Over all best mixee in this range..",
Maria Frenny,Cheap quality of steel and plastic holder,2.0 out of 5 stars,"Reviewed in India on April 16, 2021",Verified Purchase,"The quality is very poor. For the very first time I got a duplicate product from Amazon.
Why is this Amazon's choice? Not worth it.. quality of the steel and the plastic holder is very bad.. definitely bajaj wouldn't manufactur such a bad quality product. Don't know if I can rely on ""Amazons choice"" to buy any product anymore.",
manish sharma,Worth Price with few cons,4.0 out of 5 stars,"Reviewed in India on January 23, 2021",Verified Purchase,"I've been using it for a month now and the problem that i faced is that chutney jar is small and and if you fill it upto lid and try to grind it, lid opens up by the pressure even if you're covering the lid by your hands. So don't fill your chutney jar upto lid.",
Sayantani Mukherjee,Your friend in the kitchen,4.0 out of 5 stars,"Reviewed in India on January 31, 2019",Verified Purchase,"I was a bit sceptical of buying the mixer grinder online but thanks to amazon it was delivered in perfecf condition. There are 3 jars. The motor is perfect and grinds even pulses in minutes. However, I would have liked better if the jars had transparent lids.",
Shaina,I like it,4.0 out of 5 stars,"Reviewed in India on April 12, 2021",Verified Purchase,,
AM,Disappointed! Don't trust the star ratings on the product.,1.0 out of 5 stars,"Reviewed in India on July 25, 2020",Verified Purchase,"I had a 25 years old Jaipan mixture which was still working but we bought this to get an upgrade. Unfortunately, it turned out to be a downgrade for us. Our old mixture was much better than this one. Atleast it did the job. The blades are blunt, can't even blend an apple. Very disappointed. I am surprised how did it get such a good star rating.",
Jay,Cheap only for basic purpose,3.0 out of 5 stars,"Reviewed in India on June 20, 2022",Verified Purchase,"The starting price this mixer comes at is fine, but you will not like its quality after long usage.Spend a little money and go for good quality.",
Parshant Chopra,Good product.,5.0 out of 5 stars,"Reviewed in India on August 3, 2020",Verified Purchase,Its a nice product by bajaj. Lookwise it is less attractive than others but it is dependable.500watt is enough for crushing almonds etc.So you can go for it without any doubt.,
Abhinav P.,Below then average,2.0 out of 5 stars,"Reviewed in India on November 15, 2019",Verified Purchase,"After Going through the product, Below points i observed:-
1. Jar Quality and blades are not good even below then average, could be better.
2. Plastic quality is also not good, didn't seems to be long runner, although design and space consumption is good.
3. i think liquid jar is not capable of breaking the ice cubes to crush for shakes.",
Manglesh shimla,Highly recommended,5.0 out of 5 stars,"Reviewed in India on June 20, 2021",Verified Purchase,At this price it beats my philip mixer. As it is 500 watt but it take same time to complete work 750watts other mixer. Highly recommended to all.,
FYM,Good product with a couple of cons,5.0 out of 5 stars,"Reviewed in India on January 29, 2021",Verified Purchase,The product is good .. as expected from Bajaj. Noise level is a bit high. There is no lock feature - I could turn the mixie on even without any jar in place.,
nikhil,Noisy and poor lids but works,5.0 out of 5 stars,"Reviewed in India on January 8, 2022",Verified Purchase,"Noisy
When you blend liquids, it could easily open it's lid and give you a mess to clean",
nimish agarwal,Acceptable performance.... high noise,3.0 out of 5 stars,"Reviewed in India on July 27, 2020",Verified Purchase,"Noise is too much to handle. performance is also not up to expectations.  I will not suggest for this mixer, instead try another one. I was about to return the product but  missed the return deadline.",
Sumit tiwari,Mixer,3.0 out of 5 stars,"Reviewed in India on January 10, 2021",Verified Purchase,Bajaj mixer grinder quality was good and their jar quality was also good 3 jar available with this Bajaj mixer grinder. But cost is too much...,
Amazon Customer,Broken piece received,1.0 out of 5 stars,"Reviewed in India on November 1, 2020",Verified Purchase,I have received broken piece. I have never expected the same from Bajaj and Amazn. They should always check product before packaging. Broken piece can be easily pointed out. Now I will have to replace the product but it wasted my time.,
Santhosh,Disappointed,3.0 out of 5 stars,"Reviewed in India on January 31, 2022",Verified Purchase,First time the order was sent with a broken wire. We have returned it. Now again it was sent with broken part for the small jar. Very disappointed.,
P Saha,Good Product,5.0 out of 5 stars,"Reviewed in India on December 14, 2020",Verified Purchase,A very good product..Just Go for it..A bit Burning Smell will come in the beginning but it's not a technical default..A very good product at a much reasonable price..,
MONADITYA,Ordinary kind of product,3.0 out of 5 stars,"Reviewed in India on October 16, 2019",Verified Purchase,"Ordinary kind of product.
High noise level speaks about its quality.
The minching blade functions poorly. It can't even make good onion paste.",One person found this helpful
Somesh Pandey,"Cheap, simple and reliable.",4.0 out of 5 stars,"Reviewed in India on February 4, 2022",Verified Purchase,"Great product from a well known brand for cheap price, delivery was also very fast.",
Ritu,It was good product but I received broken Lidlid,3.0 out of 5 stars,"Reviewed in India on February 13, 2022",Verified Purchase,It was ok ok product I got broken lid  but it was for my maid so kept it,
Lakhan Panwar,"One Jar is broken, Replace",1.0 out of 5 stars,"Reviewed in India on July 17, 2020",Verified Purchase,"Got Broken Jar, I got the package I opened it and checked mixer working with one Biggest Jar, did not check all of the Jar's below plastic gear.

Today we wanted to use mixer for spices, when i checked for smaller Jar base plastic gear is broken.
I want replacement for this, please help.",
Suman Dey7,Good in this budget,4.0 out of 5 stars,"Reviewed in India on August 14, 2020",Verified Purchase,"afyer using it for 1 year i must say this is good mixer grinder in this budget, i got this for 1699rs.
cons are it cannot totally grind various type daals except masur because masur is soft as compared to other daals",One person found this helpful
Ajeet K.,poor quality and very bad service,1.0 out of 5 stars,"Reviewed in India on August 31, 2020",Verified Purchase,"Small Jar stopped in three months, poor quality of this product. it is saying that one year warranty but within three month when i raised request for fixing Jar, then after two week got response saying that warranty for Jar is only three month. now you can understand what is quality and service and commitment on warranty.",
sanjeev kumar pandit,Product is defactive after 1month,1.0 out of 5 stars,"Reviewed in India on April 29, 2021",Verified Purchase,"I have purchase this last month ,after one month it is not working ,I suggest you don't purchase Bajaj mixer",
Augustine,Too much noise,4.0 out of 5 stars,"Reviewed in India on June 19, 2020",Verified Purchase,Bajaj a household name. The rex mixer grinder had good looks. The noise is on the higher side and it's a lot more than the other mixers in that range.,
BASANT KUMAR PRADHAN,Damaged after used 1st time.,1.0 out of 5 stars,"Reviewed in India on July 11, 2022",Verified Purchase,Im truly speaking  Product not good and when start 1st time damaged the mixer grinder plastic parts.,
Nikhil,Good product for this price,4.0 out of 5 stars,"Reviewed in India on July 28, 2021",Verified Purchase,"Good product for this cost.
Compact size is advantageous for storage.
Have used only for usual grinding use like dry spices, ginger garlic, onion etc.",
Parth Mitra,Good,4.0 out of 5 stars,"Reviewed in India on January 31, 2021",Verified Purchase,"After one week of use some screws came out and I was little disappointed!
I called the bajaj customer care and within a day's time the service person came and repaired it for free. Now, I am using it for almost 5 months, it's running perfectly fine. Just remember the long jar doesnt work for grinding.",
Rakesh t.,Missing items,2.0 out of 5 stars,"Reviewed in India on January 9, 2022",Verified Purchase,"Whole product is nice , but plastic knife was missing in this , and packaging was worse , worn box",
Suhas khatke,Mixure,5.0 out of 5 stars,"Reviewed in India on November 23, 2020",Verified Purchase,Oh my god very nice mixure grinder👍👍👍👍👍👍👍👍👍👍👍👍👍👍👍👍👍👍👍👍👍👍👍👍👍👍👍👍👍👍👍👍👍👍👍👍👍👍👍👍👍👍👍👍👍👍👍👍👍👍👍👍👍👍👍👍👍👍👍👍👍👍👍👍👍👍👍👍👍👍👍👍👍👍👍👍👍👍👍👍👍👍👍👍👍👍👍👍👍👍👍👍👍👍👍👍👍👍👍👍👍👍👍👍👍👍👍👍👍👍👍👍👍👍👍👍👍👍👍👍👍👍👍👍👍👍👍👍👍👍👍👍👍👍👍👍👍,
Bharat,bad product,1.0 out of 5 stars,"Reviewed in India on November 16, 2020",Verified Purchase,i Received damage and third class product... quality of the steel is very thin.. and locks are also very soft quality... amazon delivery agents are also vvery care less they. should take care if the product can be damagible.,
Amazon Customer,Noisy mixer,3.0 out of 5 stars,"Reviewed in India on July 10, 2020",Verified Purchase,Very disapointed in the piece I received. This particular piece was extremely noisy. We have been using a Bajaj mixer for over 10 years - that old mixer was much quieter.,
Shamanth,Small and light weight,5.0 out of 5 stars,"Reviewed in India on December 31, 2021",Verified Purchase,"Pros : looks gud.. light weight.. easy to clean.
Cons: Sound is loud..",
MD.Ahamadi,Delicate mixer grinder.mixer is running very shaking...,3.0 out of 5 stars,"Reviewed in India on September 27, 2021",Verified Purchase,Small jar is not working properly.very delicate mixer grinder. and mixy is shaking.first time iam taking bad product in Amazon.. mostly taken items is good.but this mixer grinder is very bad experience in my life....,
akarsh a.,Bad build quality not recommend,2.0 out of 5 stars,"Reviewed in India on June 4, 2021",Verified Purchase,First of all the packaging is the worst that I have seen in many years it's like buying from a fake site also the product is poorly constructed the quality is just cheap not Bajaj standard so a big disappointment from bajaj .. I will not recommend this product at all.,
Tshering Dukpa,Overall a perfect mixer grinder!,5.0 out of 5 stars,"Reviewed in India on March 10, 2022",Verified Purchase,"Awesome product, love ❤ it. Go for it without any hesitation!!",
HARI VENU,Mixer grinder working good but jar's quality not good,2.0 out of 5 stars,"Reviewed in India on June 17, 2020",Verified Purchase,After 3 months one jar leaked water also the blade are stop rotating. Not expected from Bajaj product.,One person found this helpful
Amazon Customer,Very good,5.0 out of 5 stars,"Reviewed in India on June 10, 2022",Verified Purchase,इस मिक्सर को खरीदने के बाद आज पर्यंत तक लगातार चल रहा है यह अमेजॉन की टीम को मैं बहुत-बहुत धन्यवाद देता हूं बहुत ही अच्छा प्रोडक्ट है,
Ambreen,Duplicate product,1.0 out of 5 stars,"Reviewed in India on August 21, 2019",Verified Purchase,"Duplicate product... Jars were duplicate too as I get them checked.
Noise level is too much
Jars blades cannot even blend curd...
I want to return the product",One person found this helpful
Anjan Barik,Stopped running...,1.0 out of 5 stars,"Reviewed in India on March 6, 2022",Verified Purchase,I was grinding rice but it was stopped and after one day it's not working. And it take to service station they are told me that it need to repair. Dear seller will you return your product? This is not working now...,
Harish,Sturdy little !,5.0 out of 5 stars,"Reviewed in India on August 7, 2020",Verified Purchase,"Sturdy product. Lasted for 3 years. When I bought it was priced less compared to peers. Nevertheless the product lasted rough handling, the blades are still good. It travelled extensively. Still as good as new.",One person found this helpful
Dipanwita Singha,Good one,4.0 out of 5 stars,"Reviewed in India on December 13, 2019",Verified Purchase,Always go for a branded product as they can be serviced if there is any fault. Though noise level is high but works great.,One person found this helpful
Dibyalochan,Cheap n Best.,5.0 out of 5 stars,"Reviewed in India on January 10, 2022",Verified Purchase,"Purchased with ₹1400/- during Diwali offer and performance is super. Copper coil, 500wt light weight do grinding properly.",One person found this helpful
Ankur Thakur,Very easy to handle,5.0 out of 5 stars,"Reviewed in India on August 16, 2019",Verified Purchase,"This is my second purchase of the very same product, this time I bought it for one of my family members and needless to say it's working great. No qualms about it. A great product.",
Jiten,Water leaking,1.0 out of 5 stars,"Reviewed in India on January 23, 2020",Verified Purchase,"I bought  on 22 Jan 20 , and I checked jar leaking water . 23 Jan I return this product, and  I got full refund in Amazon pay balance.Amazon service is good.",
Anuj,Good for normal use,5.0 out of 5 stars,"Reviewed in India on September 29, 2020",Verified Purchase,I got this in under 2000 and I m happy with it it full fill my all basic needs its no for hard use like turmeric and in starting you should start it by giving some jurck,
Rauf,Worst product &Service i have came across ever,1.0 out of 5 stars,"Reviewed in India on January 15, 2021",Verified Purchase,"Within in a week, it stopped working.. And morever the service team of bajaj are not responding any mail Or any phone call
I think it's better to buy directly as well instead of online, in that case you can go directly to the seller for any issue if service team of any company not responding",
lakshmi menon,Good Quality & Made in India,4.0 out of 5 stars,"Reviewed in India on July 28, 2020",Verified Purchase,"Noise level is not loud or annoying and it is easy to clean. It is sturdy and I know I can depend on Bajaj Brand. Am also happy I bought a ""Made in India"" good quality product.",
Pallab,Not long lasting product,1.0 out of 5 stars,"Reviewed in India on October 5, 2021",Verified Purchase,After using 1yrs the jar is got damaged. Build quality should be more good.,
zeba khan,Very bad performance,1.0 out of 5 stars,"Reviewed in India on October 27, 2020",Verified Purchase,"Whoever wants a genuine review then please dont order it, i tried to blend onions and there were pieces left in it. Dont order this one at all.",
Amazon Customer,Defective product,1.0 out of 5 stars,"Reviewed in India on December 23, 2021",Verified Purchase,"The Bajaj mixer grinder was delivered yesterday. Today morning when we fixed it, the motor didn't start at all. We needed it badly for chutney but there was no helpline mentioned on the papers. Have asked for replacement. Hope that works.",
Sangeetha Raghunathan,Utilatarian mixie at reasonable price,4.0 out of 5 stars,"Reviewed in India on March 10, 2020",Verified Purchase,"Efficient and easy-to-use mixie at reasonable price.

However, very high decibel in operation .

Also, the fit of the jars, especially the large wet jar, is way too tight for comfort. This is a big put off.",
Sandeep Anapurapu,Hangs often,2.0 out of 5 stars,"Reviewed in India on October 28, 2019",Verified Purchase,"This was the worst thing..it suddenly stops while grinding small things like onions, every time we have to switch overload and wait..the item was lacking one srcrew and was damaged inside, we noticed it very late, could not return..and raised a service request , eventhough its on warranty service engineer collected money..for traveling purpose..since my home is too far..",
Vinay Kumar M,Content Spills out from chutney jar,2.0 out of 5 stars,"Reviewed in India on May 9, 2019",Verified Purchase,I'm using this from more than an year. It's ok ok product. My mother scolds me everyday for buying this cheap product. The content Spills out from chutney jar as lid's rubber is loose.,
Sanen,Review after 4 months,4.0 out of 5 stars,"Reviewed in India on May 5, 2019",Verified Purchase,"Writing after 4 months of use.
Received the product safe and sound.
It's easy to use but make a quite loud noise when using.
Yet no problem till now apart from noise level.
Giving the fact it it is budget friendly.",
Amazon Customer,Very good mixer.,4.0 out of 5 stars,"Reviewed in India on January 19, 2022",Verified Purchase,"I was hesitant to buy the mixer online. But during covid, we have to buy it online. But it is very good. Noise is average. Performance is good. Jars size is good. At this price it is very good
Go for it.",
NV,"Mixer not working, hence returned",1.0 out of 5 stars,"Reviewed in India on September 20, 2018",Verified Purchase,"The product was not working, hence returned the product.
But planning to re order the same. Will again review after its delivered",3 people found this helpful
SHIV CHAITAN,Beat item,5.0 out of 5 stars,"Reviewed in India on September 28, 2021",Verified Purchase,"Review after used of 2.5 year (approx)

Product is very good, till now there is no problem.",One person found this helpful
Shan,Not good,1.0 out of 5 stars,"Reviewed in India on June 21, 2021",Verified Purchase,"Not worth. All the jars are waste, except the smallest one. Not able to blend liquid consistency items(you can not make juice).",
Ramkrishna halder,Quite Good.....,4.0 out of 5 stars,"Reviewed in India on October 22, 2020",Verified Purchase,"I ordered this product on Great Indian sale on 2020 October.
Today I receive the product.
First impression is quite Good. Good packing, no fault on product, on time delivery, little noisy , quality good.
You can go for this. Also bajaj is best selling mixture on it's range.",
Surbhi Thakur,Excellent product,4.0 out of 5 stars,"Reviewed in India on November 19, 2020",Verified Purchase,I liked this product very much.....easy to clean ..... Bajaj rex is very nice mixer...You should buy it ...its grinds very fine....and chutney jar also works wonder fully...also the jar works very nicely... There is no need to worry about the watts for home purposes..its wonderful..,
Mikey August,Go for it.,5.0 out of 5 stars,"Reviewed in India on September 11, 2020",Verified Purchase,A little noisy but gets the job done efficiently. Have been using it for over 3 years now and have no complaints whatsoever.,
Dinesh,Very less blades in the jar when compare to others.,2.0 out of 5 stars,"Reviewed in India on June 11, 2019",Verified Purchase,Blades in the jar are very less and thus it is not grinding properly. Go for juicer. Even local brand have more blades in jar thus they are doing great job at grinding/ mixing .,
Super reviewer,Looking like bajaj copy,2.0 out of 5 stars,"Reviewed in India on January 21, 2022",Verified Purchase,"Looking like old bajaj mixer.jar is not like solid steel but like light tin.cover of jar is made of local plastic with rubber grip.
Lower black portion of jar is not finished well.",
MK,Do not recommend this,1.0 out of 5 stars,"Reviewed in India on July 6, 2022",Verified Purchase,"Not happy with this product.
Doesn’t do the job.
Would be happy if could return and get refund for this.
Do not recommend.",
Ravikant Gupta,Value for money,5.0 out of 5 stars,"Reviewed in India on May 24, 2022",Verified Purchase,I am giving this review after using almost 2 years and it's been working so good until now without any problem. This mixer is being used for daily normal kitchen activity and it's worth buying it .,
priyanka,Totally satisfied,5.0 out of 5 stars,"Reviewed in India on December 27, 2021",Verified Purchase,Must buy product. Normal price range quite affordable. Go for it. Happy with tjis purchase,One person found this helpful
Devesh,"Perfect size, blades could be better",4.0 out of 5 stars,"Reviewed in India on August 14, 2019",Verified Purchase,"Found the size perfect -- very compact, looks good on the kitchen worktop. Noise level, etc are just like that of any other make. The blades could be better though.",
Sudhir Singh,"Not good not bad ,can buy in this range",4.0 out of 5 stars,"Reviewed in India on August 29, 2020",Verified Purchase,"Writting after 2 month use,overall ok ok only
Only one issue u need to put ur hand on cover else it will be flowing in ur kitchen",
Himesh Mishra,Not Good product,1.0 out of 5 stars,"Reviewed in India on October 28, 2021",Verified Purchase,Product stop working after 1 year of use. Such thing from bajaj is not expected..once warranty is over next day product stop working..,
Soumya Ranjan Jena ,Nice in this budget,4.0 out of 5 stars,"Reviewed in India on November 9, 2019",Verified Purchase,Good for small families....I am using last three to four months.its performance is looks good and very easy to handle. My wife quite happy with it. For bigger families please go for other models.,
Arghya Mukherjee,Worst Product,1.0 out of 5 stars,"Reviewed in India on July 5, 2021",Verified Purchase,"Worst product, the product is not working within just two months and stupid Bajaj customer care are clearly saying due to covid we cannot give support right now. Don't buy this product. This will cause you more hazard than normal. Very bad product.",
Vicky,"Jar quality is very poor, and somewhat noisy",1.0 out of 5 stars,"Reviewed in India on August 27, 2021",Verified Purchase,"Jar quality is very poor, after one day used jar metal has been rusting in some places,also jar  metal is very thin.",
Rahul Sharma,Defective Product one speed options doesn't work,1.0 out of 5 stars,"Reviewed in India on October 30, 2015",Verified Purchase,"Product is defective and doesn't work on Speed 2, however Speed 1 & 3 works ok. Seems like they are selling refurbished product. Also I checked this today and my return period ended yesterday as it is only 10 days.",5 people found this helpful
Amazon Customer,Giving review after 4 year of use,5.0 out of 5 stars,"Reviewed in India on June 29, 2021",Verified Purchase,"Very good quality product. Using this product from 4 year. Ipurchased in 2017.
I think this mixer is the best I have ever purchased from Amazon.",
ANILKUAMR,not good,2.0 out of 5 stars,"Reviewed in India on January 6, 2021",Verified Purchase,i use this product only 4 month work after not work and i contact customer care ang give call ID - LUC0201210023295082-1  but not response after 5 days any service team/engineer so very bad service bajaj electrical,
Akash Mall,Broken jar and missing jar lids,1.0 out of 5 stars,"Reviewed in India on October 12, 2021",Verified Purchase,I got a broken jar and to my astonishment the jars didn't even have lids....i wonder how the customer is supposed to grind without lids. Nevertheless applied for a refund..hope it initiates soon,
Gayatri pande,Very disappointed.,1.0 out of 5 stars,"Reviewed in India on May 24, 2020",Verified Purchase,Pots are of very low quality..it got broken from bottom in first use only..I have wasted my 1900 rs and I cant cancel the item so I ordered for replacement.Contacted customer care no one is giving reply..very frustrating.Now I will never buy any item from amazon..very disappointed,
Lopamudra,Damaged product received for the second time,2.0 out of 5 stars,"Reviewed in India on June 20, 2021",Verified Purchase,Very much disappointed with the delivered product. Received a damaged piece for the second time.,
Gaurav Borde,Its a nice product would recommend it.,5.0 out of 5 stars,"Reviewed in India on August 22, 2020",Verified Purchase,Using it more than 8 months now and no problems faced. No manufacturing defect of any kind. I would recommend it for purchase.,
Priti,Must buy..,5.0 out of 5 stars,"Reviewed in India on March 29, 2022",Verified Purchase,"Easy to handle and easy to clean. Also works when used in heavy-duty. But Chutney jar lid is little bit loose, need to hold it tightly when jar is half full.",
Minal,"Compact but high noise, chutney jar not so sharp",3.0 out of 5 stars,"Reviewed in India on August 9, 2020",Verified Purchase,"Pros: compact
Cons: Mixer makes a lot of noise.. the chutney jar does not grind matter completely.. everytime we make coconut chutney for dosa, chunks of coconut are always found hwoever long we do the grinding",
Sudhanshu,Value for money,5.0 out of 5 stars,"Reviewed in India on June 13, 2021",Verified Purchase,"It's a great purchase, the noise level is similar to any mixer-grinder. The suction cups at the bottom of the machine provide extra sturdiness to the machine. I am loving it.",
Amit Kumar Mishra,Bajaj Mixer Grinder Poor product and worst quality,1.0 out of 5 stars,"Reviewed in India on October 5, 2020",Verified Purchase,It's an below average product. Very poor quality. In 15 days of delivery 1 jar got damaged and it also is not covered under warranty so I have to buy new jar. So I will say no to this product.,
Amazon Customer,5 years and counting without a single complaint,5.0 out of 5 stars,"Reviewed in India on September 16, 2019",Verified Purchase,I would personally recommend this product for your home. Its compact and highly efficient. Have used other mixers also but this one is the best so far. Using it for the last 5 year. No complaints at all.,
Tej ,Best in price,5.0 out of 5 stars,"Reviewed in India on June 6, 2021",Verified Purchase,One of the best products bought online. Bajaj is best and real value for money product.,
Kumar,Worst Experience Ever,1.0 out of 5 stars,"Reviewed in India on February 3, 2022",Verified Purchase,Product may be very good ..but I receive a damaged product and for last 2 days they are unable to pick up the return. Continuously for 2 days pickup was canceled and all they want you to keep waiting.,
S.S. Ghosh,Very useful product for kitchen.,5.0 out of 5 stars,"Reviewed in India on May 21, 2021",Verified Purchase,Bajaj electricals is a brand name company. It's products have value for money.,
PREMANANTH,Very,5.0 out of 5 stars,"Reviewed in India on June 1, 2021",Verified Purchase,"Value of money Very good product Nice
💖💖💖💖💖💛💚🧡 Super Product 👍🤟👏🤝💯💐💐💝 Very product seller price 🌍💐💝💯
Nice price good photo",One person found this helpful
Mayank,"Robust product, little noisy though",4.0 out of 5 stars,"Reviewed in India on October 18, 2020",Verified Purchase,"It's noisy.
Does work very well though and my wife is happy with it. It can handle rough use too",
Deepak.R,Low quality product.,1.0 out of 5 stars,"Reviewed in India on June 19, 2020",Verified Purchase,I expected a decent product from Bajaj for this price. Very cheap quality. Worst package. Very disappointed with the purchase.,
Babu,Not good,2.0 out of 5 stars,"Reviewed in India on August 22, 2019",Verified Purchase,Worsmixie ever bought in my house... It do not grind properly in one jar... It takes too much of time to grind compared to other mixies... It is made with average quality plastic only...,
HK,Bad Jar Quality,1.0 out of 5 stars,"Reviewed in India on June 10, 2021",Verified Purchase,"After using this for three months, the jars have developed a leak.. Anything that is grinded comes out. The Jar also gets stuck and it is a bug challenge to remove it. Very badly designed product",
SBK,"Poor quality, packing not perfect",1.0 out of 5 stars,"Reviewed in India on September 12, 2021",Verified Purchase,"Very thin jars, lids quality very poor, received again lightly cracked lid",One person found this helpful
Yagyadeep,Too much noisy,3.0 out of 5 stars,"Reviewed in India on April 12, 2021",Verified Purchase,"It makes too much noise. More than other mixer grinders.
Regretting after buying this product.",
Lokesh,Noisy and inefficient,2.0 out of 5 stars,"Reviewed in India on June 20, 2021",Verified Purchase,Noise levels are quite high.. the bigger jar doesn't grind well and the other two are small for normal family size. This cannot be returned. May invest a little more and get a good one instead.,
Garima saha,Mixer repairmen or replacement,2.0 out of 5 stars,"Reviewed in India on October 27, 2020",Verified Purchase,I have bought this mixer 2 years back. Initially it had the lock issue. I got it repaired by local person.Today the mixer motor stopped working. Since 2 yrs time I have used it hardly 20 time. And it stopped working now. Ki fly do the needful as required,
AS21,Powerful efficient mixer,4.0 out of 5 stars,"Reviewed in India on December 17, 2020",Verified Purchase,Noise level low.powerful motor.rasybto clean.steel jugs material good but can be more thick,
Gyaneshwar,Nice one,5.0 out of 5 stars,"Reviewed in India on October 23, 2016",Verified Purchase,"Nice one. bought it for daily use, to prepare chatany . we are happy with product quality . The first time we got defected piece but thanks to amazon for the replacement of the product. we are using since last month till now no problem. I will definitely recommend people to buy this product. This is good in this price range.",3 people found this helpful
Rashmi  Soni,Useless,2.0 out of 5 stars,"Reviewed in India on December 7, 2020",Verified Purchase,"Not good,  most simple  grinder.  Purchased because wanted to save money.  But now repenting.",
tarique hassan,Dhakkan toota hua tha,5.0 out of 5 stars,"Reviewed in India on May 23, 2021",Verified Purchase,"Toota hua dhakkan tha 😡😡😡 jb ki show kar ra tha ki product check ho kar aayega
Sirf lockdown h or mixer ka kitchen me bhot kam ratha h is liye replace nahi kiya",One person found this helpful
Deepty mathur,Warranty card,3.0 out of 5 stars,"Reviewed in India on April 29, 2022",Verified Purchase,I ordered the mixer grinder and got this as warranty card where stamp of the dealer is not there just a hologram type structure.is this considered as dealer's seal for the warranty validity.,
Patel Mayur Sureshbhai,Not good product,2.0 out of 5 stars,"Reviewed in India on September 1, 2021",Verified Purchase,"It make so much noise
Grinding in not good
Preferred 750W mixer grinder",One person found this helpful
Marzban J. Hathiram,Excellent little beast!,4.0 out of 5 stars,"Reviewed in India on August 18, 2017",Verified Purchase,An excellent little beast! Makes quick work of the toughest jobs. Was surprised at its efficiency and grinding ability. A bit loud though. And I wish they have transparent caps so you can see what's happening in the jar...,3 people found this helpful
Sudhanshu Mishra,Desi mixi- wow,5.0 out of 5 stars,"Reviewed in India on October 19, 2019",Verified Purchase,"Very desi and basic product, if you don't want to get trapped by fashionably designed products which are common these days. Very easy to use and user friendly",
Ravi,Worth every penny!!!,5.0 out of 5 stars,"Reviewed in India on November 11, 2020",Verified Purchase,"This product is good. I have bought it second time from amazon. Even it is of 500W mixer, I haven’t faced any issue while preparing idli batter and other stuff which requires hight watt mixer.",
Saravanan,Don't go with this product,1.0 out of 5 stars,"Reviewed in India on April 15, 2022",Verified Purchase,"Don't go with this product,I have bought same product have some jar issue and they return new product,but new product also not good diagist blades are not performing well",
Dr. Smeagol,Think before buying it.,1.0 out of 5 stars,"Reviewed in India on May 27, 2021",Verified Purchase,Cheap plastics.. purchased n replaced too but both were broken. Low price low quality.,
Manjot Singh,Not fresh and Used product,2.0 out of 5 stars,"Reviewed in India on June 15, 2021",Verified Purchase,"When opened box found black rust stains on surface it’s look like used product. Not expected this, someone should check this before delivery to avoid hassle of both parties.",
Dwarakanath,Very nice 👌it's fantastic,5.0 out of 5 stars,"Reviewed in India on December 15, 2019",Verified Purchase,"Absolutely superb 👌 just buy it. Great quality product. Thank you Bajaj and Amazon 👍
If needed in future will buy it again without any doubt😀",
Lazyshopper,Sent a non working grinder,1.0 out of 5 stars,"Reviewed in India on July 16, 2020",Verified Purchase,"It never worked.  It was a gift. By the time I checked, the return window closed. The repair service said the motor was damaged.",
Sudhir Prakash,Good quality product with a little noise.,4.0 out of 5 stars,"Reviewed in India on June 11, 2020",Verified Purchase,"Product delivered without a scratch. Quality is good as compared to prise. Produce a bit noise when used for general use. So if your priority is noise free then please avoid the product, else everything is good.",
Amazon Customer,Not good quality No warranty card received,1.0 out of 5 stars,"Reviewed in India on November 5, 2021",Verified Purchase,"No warranty card and manual received inspite of it’s mentioned in product description and on the box
High noise of mixer not good quality",
Niyati,Good quality except the rings of the mixer cap..,3.0 out of 5 stars,"Reviewed in India on August 16, 2020",Verified Purchase,Am very happy with the purchase and timely delivery.. just 1 thing dint work out well .. the ring of the mixer cap is not sturdy and is already breaking in 2 months of use..,
girish,Not worth,1.0 out of 5 stars,"Reviewed in India on October 24, 2021",Verified Purchase,"It’s been 9 months now since I purchased, the quality was not as good as seen in reference pic, was making more noise and every time when I use getting burning smell from it. I don’t recommend it, not worth of money.",
Kumar A,Best buy in this price,5.0 out of 5 stars,"Reviewed in India on May 7, 2021",Verified Purchase,Good so far.... Look wise nice and clean. Sound level is also good. Let us see how much motor last.,
abhi rai,Genuine and Easy to Use.,5.0 out of 5 stars,"Reviewed in India on October 13, 2019",Verified Purchase,"Genuine and Very Durable.
Efficient and Easy to Use.
Congress with Safety Features too so that it prevent from Overloading and Overheating too.",
Piyush Prateek,Value for money,5.0 out of 5 stars,"Reviewed in India on February 4, 2021",Verified Purchase,"It's pretty good mixer and I have no problem till now and it's working nice, low noise and worth purchasing.",
Vikas,worst buy,1.0 out of 5 stars,"Reviewed in India on August 24, 2020",Verified Purchase,"Worst product
Wastage of money
writing this review after 1 month of usage. The largest capacity mug is completely useless from day1.
After few days the rorate button is completely free and the grinder can be only operated on speed3.

highly not recomemded",
Suresh B.,Worst quality of Steel Jars,2.0 out of 5 stars,"Reviewed in India on November 13, 2020",Verified Purchase,"After using 2-3 weeks steel jars are forming ovality and lid was not closing properly while grinding spilling outside from the top of lid even we closed tightly and because of ovality it was not closing porperly

Worst experiancing",
Subani Shaik,Three Rating,3.0 out of 5 stars,"Reviewed in India on December 13, 2019",Verified Purchase,"Easy to use, but makes more noise and took more time to grind wet Dosa batter. Just ok.",One person found this helpful
Krishna D.,Cover found broken,1.0 out of 5 stars,"Reviewed in India on April 17, 2022",Verified Purchase,Not bad but after open package found cover broken,One person found this helpful
Amazon Customer,Lot of noise and low power mixing,2.0 out of 5 stars,"Reviewed in India on June 29, 2021",Verified Purchase,The mixer is not high power. I would advice for anyone to invest a little more money and get a higher power one. Also it makes a lot of noise.,
Dippak,Go4 it,4.0 out of 5 stars,"Reviewed in India on May 19, 2015",Verified Purchase,"Pros : Lightweight, Economical , Grinding is Good, Reputed Brand for no Hassle for after Sales service.
Cons : Bit Noisy ( most of them are Irrespective of Highly priced)

Suggestion : Bajaj should use German blades to be Best in MJG MJG section",
Deba(কুটু),Defective product,2.0 out of 5 stars,"Reviewed in India on November 15, 2020",Verified Purchase,Seller send defective item. After receiving the item when I open for use I see that small jar base lock broken . Material is not good. I am not satisfied. Bajaj should enhance their product quality,
Ram Naresh Sarwan,Good product,5.0 out of 5 stars,"Reviewed in India on March 8, 2018",Verified Purchase,"Found no issues
Works as expected
Brought it during Amazon sale for a very cheap price. Thanks Amazon.",3 people found this helpful
RAJASEKARAN,Good but jar issue,4.0 out of 5 stars,"Reviewed in India on May 9, 2021",Verified Purchase,Good product. After a month one jar washer becomes very loose.,
vijendra,Nice product,4.0 out of 5 stars,"Reviewed in India on October 12, 2018",Verified Purchase,"Packaging is normal , but product delivery is very ... I like the colour and design .. small and very easy to use ...but motor is giving too much sound remaining everything is good",
I thought of returning bcoz its not working,Poor quality..,1.0 out of 5 stars,"Reviewed in India on March 22, 2021",Verified Purchase,Mixer jars button get loosed for 1or  2 times used. its really very bad quality and return time also closed. We coulnt replace the items due to personal emergency. Its better if wr get replacement option,
Raja,Very good product.,5.0 out of 5 stars,"Reviewed in India on August 17, 2018",Verified Purchase,Very nice product. Delivery is on time. There is no defects in the product. It works very nice. Thank you Amazon and Bajaj for this product. This is very helpful for me.,5 people found this helpful
Rahul Raj,"NOTICE - Worst Product, Dont Buy it. Your Mom or wife will beat you for this....!!!!",1.0 out of 5 stars,"Reviewed in India on July 10, 2020",Verified Purchase,"1.Sound is Too High Like an Old Model Power Generater.

2. Cant Grind Well.

3. Motor Power is not well enough.",2 people found this helpful
Gopesh,Good one,4.0 out of 5 stars,"Reviewed in India on May 5, 2021",Verified Purchase,"Product is quite good but packaging are very poor, and sell are opened,",
Amazon Customer,Chutney jar issue,3.0 out of 5 stars,"Reviewed in India on November 28, 2020",Verified Purchase,Chutney jar is having only 2 blades making it is very rough and most of the time ingredients don't get crushed fully. If you're quite frequently using chutney jar then better avoid it.,
sunny mathur,Do not buy,1.0 out of 5 stars,"Reviewed in India on September 12, 2020",Verified Purchase,"Does not grind properly, even soft items like tomatos and bananas are left even after 10 minutes of grinding. Would not suggest this product to anyone. Jars are very small can't even make 4 glass shake at a time.",
Piyush,Unable to grind masala properly,3.0 out of 5 stars,"Reviewed in India on July 19, 2021",Verified Purchase,It's masala grinding blade is not ideal for proper grinding. Price is reasonable.,
Pradeep Panchal,The worst Mixer,1.0 out of 5 stars,"Reviewed in India on October 3, 2019",Verified Purchase,I bought the mixer in jan and the mixer is started to separate the plastic quality is so cheap.......the motor is so weak if you start to grind a dosa batter it will stop,
saurabh singh,Defective Unit,1.0 out of 5 stars,"Reviewed in India on February 6, 2021",Verified Purchase,Got defective product. Control knob is not fitted to the unit. Worst part is I can even return or replace it since return window is closed. I was out of the city and the product was handed over to my nabour.,
hiren Kalathiya ,You can trust the product. Its wort it.,4.0 out of 5 stars,"Reviewed in India on October 13, 2020",Verified Purchase,I like it three years and no issues yet,One person found this helpful
Wahengbam Brainy Singh,Worth the price,5.0 out of 5 stars,"Reviewed in India on September 26, 2020",Verified Purchase,"The product is better than what I expected. Considering the brand value, one can go for it.",
Aarushi Khurana,Average Product,3.0 out of 5 stars,"Reviewed in India on April 25, 2018",Verified Purchase,"Makes a lot of sound, more than expected!
Bajaj products have always been great, but this product was a little disappointing. Not a bad buy though. Keeping into consideration the price it’s an average deal.",
Swagata ,Good buy,5.0 out of 5 stars,"Reviewed in India on January 17, 2022",Verified Purchase,The masalas not getting powdered to the extent needed otherwise ok.,
Abhinit,Too noisy,1.0 out of 5 stars,"Reviewed in India on August 13, 2020",Verified Purchase,"Motor noise is very high,in today's world of new technology it could be better.the sound is same as my vacuum cleaner.if you can bear that then go for it,but I couldn't",
Deepak meena,Nice product,5.0 out of 5 stars,"Reviewed in India on December 13, 2021",Verified Purchase,Original product thanks Amazon,
Ruby P.,Unimpressed,3.0 out of 5 stars,"Reviewed in India on February 27, 2020",Verified Purchase,Poorly packaged in a thin transparent plastic which could have been easily tampered. Not exactly the quality expected of a known brand like bajaj.,
Amol Deshpande,Great Mixer,5.0 out of 5 stars,"Reviewed in India on November 6, 2021",Verified Purchase,It is good for regular use. Easy n efficient,
Manisha ,Not up to the mark.,3.0 out of 5 stars,"Reviewed in India on October 26, 2020",Verified Purchase,Jar size is small comparatively and quality of material is not up to the mark. Ok kind of product with low price.,
Tanwir,Not recommendable at any cost.,1.0 out of 5 stars,"Reviewed in India on May 3, 2021",Verified Purchase,"Not up-to the mark. Blades in jars and grinder both made of plastics hence will not last long.

Amazon as brand are fooling customers.

My review might look casual but at some point of time every one will agree.",
Amazon Customer,Bad choice,3.0 out of 5 stars,"Reviewed in India on March 15, 2020",Verified Purchase,"This is very poor standard product which I bought looking at the brand name of Bajaj. It is very fragile makes so much noise, if possible I would like to return it. The noise level is very high, I am reluctant to use it. Have always used Bajaj mixers, never online though, but this is horrible.",
Shreyas,"Jar lock issues, need improvement",3.0 out of 5 stars,"Reviewed in India on September 26, 2020",Verified Purchase,"Noise level is average but tolerable. Locks could have been smoother, big jar gets stuck often. Otherwise an average product at this price.",
Amazon Customer,Disappointing. Avoid for sure.,1.0 out of 5 stars,"Reviewed in India on August 22, 2020",Verified Purchase,"Disappointing mixer. Lack of power. The lid pops off at times and the jar keeps getting stuck in the machine. If you want a cheap, use and throw product go for this. I'm already regretting my purchase.",
Prithvi Sen,Great for home use....,4.0 out of 5 stars,"Reviewed in India on October 30, 2018",Verified Purchase,Got it as a gift for my aunt. She's happy with it. Serves its purpose and Amazon did an amazing job delivering it sooner than expected.,One person found this helpful
Priyanka David,poor quality & spoon in missing,1.0 out of 5 stars,"Reviewed in India on November 11, 2021",Verified Purchase,very poor quality & spoon is missing. blade is very hard and one jar blade is very lose. waste of money. i want my money back.,
Amazon Customer,Main unit Damaged,1.0 out of 5 stars,"Reviewed in India on September 7, 2020",Verified Purchase,Hopeless product better to buy offline as the main unit was damaged and not properly fixed and screwed,
Priya Choudhary,Truly an awesome product at a reasonable price,5.0 out of 5 stars,"Reviewed in India on July 8, 2020",Verified Purchase,This grinder is superb! Makes a paste out of anything so quickly. Even though it's a bit noisy I think the job it does will make you forget all the noise. Love using it,
Nishant Singh,Chutney jar was broken..,1.0 out of 5 stars,"Reviewed in India on January 19, 2021",Verified Purchase,I got bajaj mixer grander and one of tha jar is in  broken condition.. before replacing this mixer i also got a broken plug. Why you are harrasing me and take more time..,One person found this helpful
pankaj kumar,Powerful motor,4.0 out of 5 stars,"Reviewed in India on June 9, 2021",Verified Purchase,"Fast delivery
Motor is powerful but little bit noise coming when motor stops.
Hope this will not happen in next use as I am reviewing same day of delivery.",
Subodh Rai,excellent product,5.0 out of 5 stars,"Reviewed in India on March 9, 2022",Verified Purchase,excellent product,
Chiradeep Patra,Good,4.0 out of 5 stars,"Reviewed in India on June 26, 2022",Verified Purchase,"A good product, value for the money I had paid.",
Azeem Ahmed,Worst Product,1.0 out of 5 stars,"Reviewed in India on August 18, 2020",Verified Purchase,"I bought it on 1st Feb 2020 its almost 7 months the motor bust all of a sudden,I request not to buy this product better to choose any alternative brand.Amazon Services are good but this is the first time i am facing the issue.",
Swarnali Sarkar Biswas,Nice,4.0 out of 5 stars,"Reviewed in India on February 14, 2022",Verified Purchase,Good product 👌,
Kapil Dhawan,Good except noise,4.0 out of 5 stars,"Reviewed in India on April 9, 2021",Verified Purchase,"I really wanted a mixer with less noise but bad luck. My previous philips was awesome but didn't get the same unit again

Quality looks cheap too",
AJ,Noise level high,3.0 out of 5 stars,"Reviewed in India on June 27, 2019",Verified Purchase,I have been using this for almost 2.5 years. It had  noise level high other than it was good.,2 people found this helpful
Debutpal,Very disappoint,1.0 out of 5 stars,"Reviewed in India on May 29, 2021",Verified Purchase,"Don't buy it Guys, I used it almost 1 year.... I hardly use it.
But after the completion of 1 year, it damaged.

You can't expect this worst performance from Bajaj. Highly disappointed",
Shilpa,Good,4.0 out of 5 stars,"Reviewed in India on July 4, 2021",Verified Purchase,Its been almost 2 years i am using it. Once the plastic base of one of jar melted but its easy to change. Overall best product. Dnt use continuously more than 30 sec.,
GOPAL.. PHD IN ENGLISH,Average,3.0 out of 5 stars,"Reviewed in India on November 14, 2020",Verified Purchase,Everything is good but the seller didn't give me the receipt on the box.. and the packaging is absolutely bad.. I am surprised when I saw the packaging..,
Amazon customer,Not for a family...ok product,2.0 out of 5 stars,"Reviewed in India on November 2, 2019",Verified Purchase,Ok product...but as the motor is only 500watts...very little amounts can b grinded...not suitable for a family..might b suitable for bachelor's use,
Chandan sharma,Chatni jar se paani tapak karha hai iske lock me problem hai baaki sab thik hai,3.0 out of 5 stars,"Reviewed in India on October 16, 2021",Verified Purchase,Video Player is loading.,
muttanna angadi,..,1.0 out of 5 stars,"Reviewed in India on July 21, 2021",Verified Purchase,Video Player is loading.,2 people found this helpful
Manisha Korgaonkar,Defective product delivery,1.0 out of 5 stars,"Reviewed in India on May 28, 2021",Verified Purchase,I received a defective product delivered today (28th May'2021) by Amazon. Really doubt if the product is checked before delivery. Totally disappointed! Not expected this kind of service from brand like Amazon.,
utkarsh,"Pls. don't purchase this, it's not good!",1.0 out of 5 stars,"Reviewed in India on November 11, 2020",Verified Purchase,"Pls. don't purchase this, it's not good!",One person found this helpful
Bibhuti Bhushan Sahu,Bajaj Rex 500,4.0 out of 5 stars,"Reviewed in India on August 16, 2018",Verified Purchase,"Nice, go for it.  As if you go for it in a shop you have to pay minimum of rs  2500/-. So I thought you have to assume this for you, compareing with  other grinder I prefer bajaj. I used it for more than 3 months and it working good.",One person found this helpful
Sajid Iqbal,Buy it.,5.0 out of 5 stars,"Reviewed in India on April 8, 2019",Verified Purchase,I am writing this review after 3 years... still working fine... quality is good at this price...I found it a little bit more noisy than other brands...,
kulwant ,nice product,5.0 out of 5 stars,"Reviewed in India on June 5, 2020",Verified Purchase,"product is good.. little noisy, but its fine... i like the product and m using this product from last 19 days..",
Sadananda Asundi,Average product,3.0 out of 5 stars,"Reviewed in India on May 31, 2022",Verified Purchase,"Packaging is very bad.
Small jar has no handle and existing handle's are very poor in quality in big jars...
may break easily over time of usage.",
FARHANA,Quality,5.0 out of 5 stars,"Reviewed in India on February 8, 2022",Verified Purchase,Good product.,
CHN,Zero Value Mixer,1.0 out of 5 stars,"Reviewed in India on October 25, 2018",Verified Purchase,"The cheapest combination of everything can be found in this mixer right from power cable to jars. Jars get jammed cos. The jar base is plastic, very light cos.. there is nothing. Dont sell this crap.",
Ashish Sam,Definetly recommended,4.0 out of 5 stars,"Reviewed in India on October 17, 2017",Verified Purchase,"Very good product, every thing was intact in the box... machine and jars working properly... no complaints... best thing is the price with bajaj’s warranty... definetly recommended.",
Chaitali Sinha ,The Product stops working after a week.,1.0 out of 5 stars,"Reviewed in India on October 26, 2018",Verified Purchase,"The Product stops working after a week. We used the product for 9 to 10 days. it was working fine. after that It stops working. If this is the durability of the amazon product, I m sorry, I would discontinue shopping with Amazon.",One person found this helpful
Keerthana,Disappointed,1.0 out of 5 stars,"Reviewed in India on July 11, 2022",Verified Purchase,Very dissapointed.as the jar is having leak problem and the vlades are also loose .so i have returned for replacement .as it is having only replacement .,
pragya tiwari,I liked it,4.0 out of 5 stars,"Reviewed in India on February 14, 2020",Verified Purchase,Editing the review after using it in a year don’t buy it not good items get spilled out from the chutney jar,
Gadget lover,Must buy product. Value for money. ❤,5.0 out of 5 stars,"Reviewed in India on October 25, 2019",Verified Purchase,"It's best among all 500watt mixers at this price range. So if you are going to buy a 500watt mixer, you can go for it. You'll not regret for this purchase.",
Rahul Roshan,Best,5.0 out of 5 stars,"Reviewed in India on May 28, 2022",Verified Purchase,Perfect for marriage gift,
user,quality product from a trusted brand like bajaj .thanks amazon for on time delivery,4.0 out of 5 stars,"Reviewed in India on July 25, 2021",Verified Purchase,light weight . jars are of good quality. noise level is okey .not too much.,
VR,Value for money,5.0 out of 5 stars,"Reviewed in India on August 30, 2021",Verified Purchase,Very good for price and does the Job,
Shubham,Average product and overpriced,3.0 out of 5 stars,"Reviewed in India on May 1, 2021",Verified Purchase,"Average product, also amazon reduced price after 2 days of my purchase, not a right marketing amazon.",
Vino,Working fine,4.0 out of 5 stars,"Reviewed in India on June 28, 2022",Verified Purchase,"I'm writing after one month usage,it's working fine",
Deepika Negi,Power Issue,1.0 out of 5 stars,"Reviewed in India on October 6, 2020",Verified Purchase,"Bought this Bajaj Rex Mixer Grinder on 3 June 20 and 6 Oct 20, it's not working. It's not accepting the power. Tried even after changing the shocket but no benefit. So the product is for no use after return period gone. I wasted my hard earned money.",
Ashutosh Samal,Not so good,3.0 out of 5 stars,"Reviewed in India on July 24, 2019",Verified Purchase,Makes too much noise. Blades are not of good quality either. There’s no driver to remove blades for cleaning or changing into other jars.,
KK,Good product,4.0 out of 5 stars,"Reviewed in India on June 28, 2021",Verified Purchase,"Easy to use. Durable, best quality. Easy to clean. After 10 months grinding blades are loosened.",
Raghu Maneti,Low quality product,2.0 out of 5 stars,"Reviewed in India on November 9, 2018",Verified Purchase,The quality of the product is low. Within month only it got two times repaired. When ever we try to grind it stop and overloaded button get on. The mixer gets  hot very soon,
Lakshay magar,Delivery boy blocked all incoming calls,4.0 out of 5 stars,"Reviewed in India on May 31, 2019",Verified Purchase,"Looks good, powerful, got delivered on time. But the delivery boy has put his phone on blocking any incoming call as informed by the delivery boy himself, which made it very inconvenient for me to tell the guy when to deliver the package.",
Shahadat H.,Noise level too much,3.0 out of 5 stars,"Reviewed in India on June 23, 2021",Verified Purchase,"Its easy and quick to use. Fine grinding for pastes, chutney and powder. Only thing that is annoying is the noise level",
Lalan patil,Very good,5.0 out of 5 stars,"Reviewed in India on July 29, 2020",Verified Purchase,"Product quality is very good.
Colour, features and accessories also good.",
Ankita Dutta,Great purchase within this range,5.0 out of 5 stars,"Reviewed in India on April 18, 2021",Verified Purchase,Too good and handy. Cons - high noise level,
Consumer,Best 500W Mixer to get!,4.0 out of 5 stars,"Reviewed in India on November 1, 2017",Verified Purchase,"Great product from Bajaj. Bought it for my mom. It exceeded expectations. Just that its slightly forceful to detach the container from the motor unit. Hence a star cut. Else,  the best in this price!",One person found this helpful
Dinesh Shenoy,Very good 👍,4.0 out of 5 stars,"Reviewed in India on August 22, 2019",Verified Purchase,"After usage for months , I am very happy with the mixer.. only super minor issue was that container fits tight after usage.",
Surendra,Seems like not of Good quality,1.0 out of 5 stars,"Reviewed in India on October 29, 2021",Verified Purchase,Found jar lid broken,
Amazon Customer,Useless product,2.0 out of 5 stars,"Reviewed in India on March 18, 2021",Verified Purchase,It’s not a good product. The button snaps even if u have minimum possible stuff to grind. Blades are not sharp enough. Spend couple of hundreds more and buy a different and better product.,
Amazon Customer,Not Good :(,3.0 out of 5 stars,"Reviewed in India on August 31, 2019",Verified Purchase,"Performance is not Good. Quality of grinding is below expectations. I got carried away by the Trusted Brand Name ""BAJAJ"". I won't suggest this brand to anyone.",
Ranjit Kumar Sasmal,Nice product,5.0 out of 5 stars,"Reviewed in India on January 8, 2022",Verified Purchase,Packaging could have been better .  over all its good . Easy to clean and use.,
Shaju,Not able to start.,1.0 out of 5 stars,"Reviewed in India on April 11, 2022",Verified Purchase,"Since I opened the pack after the return period, I’m not even able to send it back",
Kishan Alagiya,Product original or not because getting product with different logo then product details,4.0 out of 5 stars,"Reviewed in India on August 6, 2020",Verified Purchase,Not able to verify that product is original or not because i got product with different logo and number from product image in Amazon. So i put return request but then also i got same product as i got first time not match with Amazon product details page.,
Hemender Singh,Button got broken in one use,1.0 out of 5 stars,"Reviewed in India on March 20, 2022",Verified Purchase,"My grinders buttom is automatically broken, only in one use it got loose and got totally broken. Please help how to get it repaired as same is under warranty",
Ms S,Value for money .,4.0 out of 5 stars,"Reviewed in India on April 25, 2021",Verified Purchase,Value for money . Easy to use & clean too,
Aviwant Kumar,Bajaj - Humara Bajaj - the label of trust!,4.0 out of 5 stars,"Reviewed in India on July 29, 2020",Verified Purchase,"Since childhood, I was so used to of listening Bajaj so I went through it. It's working fine and reliable. Most recommended product.",
CS K.,Good product,5.0 out of 5 stars,"Reviewed in India on August 3, 2021",Verified Purchase,Noise level needs reduction,
M A Aziz Majid,Please please don’t buy this at all I am suffering even after replacement,1.0 out of 5 stars,"Reviewed in India on November 5, 2021",Verified Purchase,It is not working and nice leave is very high and after using it for few mnts it is getting stop,
Niladri,Working fine perfectly,5.0 out of 5 stars,"Reviewed in India on August 12, 2021",Verified Purchase,Performance as expected... 😍,
Milton Dutta,Poor packaging,3.0 out of 5 stars,"Reviewed in India on June 7, 2018",Verified Purchase,Very poor packaging and its very noisy compared to my old ones which i used before... Purchased it because of the brand but not at all satisfied,One person found this helpful
Tapan K. Burman,A good performer.,4.0 out of 5 stars,"Reviewed in India on February 22, 2020",Verified Purchase,Performing well so far. Noise level is higher than expected. Price wise it is a good choice.,
Rashi,It’s disheartening to see that exchange didn’t happen and I waited for the entire day.,1.0 out of 5 stars,"Reviewed in India on July 13, 2022",Verified Purchase,It’s disheartening to see that exchange didn’t happen and I waited for the entire day. Kindly return the defective item and give my money back.,
VN,It broke after a few months of use,2.0 out of 5 stars,"Reviewed in India on October 5, 2020",Verified Purchase,"One of the jars broke after a few months of use !
not a sturdy product",One person found this helpful
Amazon Customer,Good medium duty mixer from Bazaz,4.0 out of 5 stars,"Reviewed in India on November 13, 2020",Verified Purchase,The product is good at this price. The sizes of largest n medium jars are almost equal. Easy to use; user friendly.,
Gowthami,worst product ever seen,1.0 out of 5 stars,"Reviewed in India on June 12, 2019",Verified Purchase,Worst product please dont buy when it works we feel like a helicopter was flying besides us. Sound is horrible and was afraid I may become deaf. The product I received was damaged please don't suggest to anyone. Used for only one day it's too worst,
Himanshu Rajgure,Big Jar Lid is cracked.,2.0 out of 5 stars,"Reviewed in India on August 5, 2019",Verified Purchase,I got this Product with Broken lid and I replaced it. But again they sent other mixer grinder with broken lid. I'm not sure whether it always got broke in Delivery or material is having poor quality. Although I'm not frequently using Big jar. So I kept it with broken lid. Talking about mixer quality it is good.,
Mithun Kasla,A GRINDER THAT DOES NOT GRIND,1.0 out of 5 stars,"Reviewed in India on November 1, 2018",Verified Purchase,"Really disappointed with the grinder, I wish I could exchange this for a different brand all together. The blades in the grinder are so small that they are completely useless when you want to grind fine. Using my 18 years old grinder now, which grinds much better than this one. Save your money, don't buy this one.",
Emma,Must buy,5.0 out of 5 stars,"Reviewed in India on July 19, 2019",Verified Purchase,I had bought mixer from local shop which didn't work even for a month. Then I thought of buying this. It's been 5months now it's working amazing,
vinay,Broken,1.0 out of 5 stars,"Reviewed in India on February 5, 2022",Verified Purchase,Worst experience ever. Product was broken then it took years for the refund,
DIPJYOTI A.,Carefully use,4.0 out of 5 stars,"Reviewed in India on November 7, 2020",Verified Purchase,"Jar quality is normal, easy to move,and very light . But use very carefully. The machine is medium weight. Use carefully",
Anmol Khajurria,"BAJAJ IS A Real Brand ,",5.0 out of 5 stars,"Reviewed in India on August 30, 2021",Verified Purchase,"Purchase on July 2017
Review on August 2021
Not even a single problem I find in this mixer, only one time Jar rubber change",
Amazon Customer,Good one,5.0 out of 5 stars,"Reviewed in India on March 10, 2021",Verified Purchase,Good mixer grinder. Using since 7 months. It is working good,
Simi,Very good,4.0 out of 5 stars,"Reviewed in India on March 13, 2022",Verified Purchase,Product is value for money. And it's works in better conditions.,
Amartya Saha,Normally good,3.0 out of 5 stars,"Reviewed in India on June 4, 2021",Verified Purchase,Good product in this price range,
Minakshi sohal,Noise level high,3.0 out of 5 stars,"Reviewed in India on May 30, 2021",Verified Purchase,Mixer is powerful. But it cannot mix well in shakes and smoothies . Noise level is very high . Mixer can be easily cleaned,
Amulya,Good product,5.0 out of 5 stars,"Reviewed in India on February 24, 2022",Verified Purchase,Good quality,
Rajneesh R.,Screws in the bottom difficult to clean. Quality of blades not very good,3.0 out of 5 stars,"Reviewed in India on June 22, 2021",Verified Purchase,Lock feature is very hard to operate. The smallest jar has screws at the bottom of the jar that makes cleaning it very difficult. The quality of blades is very okayish,
Tuck,Worst product,1.0 out of 5 stars,"Reviewed in India on October 23, 2021",Verified Purchase,I bought a bajaj rex 500 but it shopped working while I plughed in. I exchange the 1st product but after replacement i find the same issue.worst experience by bajaj.,
Abhijit Mishra,Good.,4.0 out of 5 stars,"Reviewed in India on August 2, 2020",Verified Purchase,The product is good according to the price. One who wants not to spend more on a mixer grinder can go for it. But one fault by seller is that they not provided the spoon.,
Vikram Sharma,Good for price,4.0 out of 5 stars,"Reviewed in India on August 1, 2019",Verified Purchase,"Good product, writing review after 1 year of usage. A little problem while grinding coconut, spices, banana for shakes. Cannot blend smoothly. But overall good product for the price.",
DIPAK BARGAJE,Not Good Product..!,4.0 out of 5 stars,"Reviewed in India on December 24, 2021",Verified Purchase,Not Good Product..!,
pavan,good Quality.,4.0 out of 5 stars,"Reviewed in India on July 18, 2018",Verified Purchase,"Nice one in budget with brand. I have ordered to carry aboard and using it from past 6 months ,working fine until now.one of the big jar won’t blend well than remaining two jars.",
Naveen kumar,This,5.0 out of 5 stars,"Reviewed in India on June 9, 2021",Verified Purchase,Expand contents of this word from you soon,
Harshita,Small family kinda needed this,4.0 out of 5 stars,"Reviewed in India on December 21, 2020",Verified Purchase,It works nice but .... The 2 jar size are of just same ... If u are looking for big jar one ... Than its not useful for u .... Nice metal and is tooo small and light weighted,
SANAM GUPTA,of bajaj,1.0 out of 5 stars,"Reviewed in India on May 23, 2021",Verified Purchase,Worst mixer grinder.. Not even grind onions properly. My mistake it to buy . Dont know why amazon sold this worst 👎 quality products of bajaj. It's only use for Roofaza making. Worst bajaj product.,
Abhaya Das,Overall is bad product,2.0 out of 5 stars,"Reviewed in India on October 25, 2021",Verified Purchase,"1- Packing is very bad
2- Quality is very bad
3- Look are bad",One person found this helpful
Amol dhanawade,Good product with great price.,5.0 out of 5 stars,"Reviewed in India on September 28, 2020",Verified Purchase,"I love Bajaj home appliances as it’s Indian company also having very good quality and durability of the products.

Thanks amazon for delivering product in time.",
Amazon Customer,Don't buy this from  online  got cheated cheap quality not worth money,1.0 out of 5 stars,"Reviewed in India on October 20, 2019",Verified Purchase,"I bought this product on 4th oct 2019 on sale from cloud tail India Pvt Ltd and used first time on 20th October
And as u can see in the picture it started leaking from the screw... And I was not expected from the seller s there some way to refund ,return or replace this product let me know",
Jagdeep Singh,use less product,1.0 out of 5 stars,"Reviewed in India on April 18, 2020",Verified Purchase,It is the useless  product . It is only create NOISE in the full house and does not grinde.  Bajaj should learn some engineering for making mixer and grinders. I wasted my money. In fact Bajaj Should stop this business and open some DHABHA.,
K Sankar,Best product for household use,5.0 out of 5 stars,"Reviewed in India on October 17, 2017",Verified Purchase,"It's one week into use now. Bit skeptical to buy 500w as we werw usung 750w earlier. But it does the job and works well for household grinding needs be it chutney, powders, etc., Very happy with the product. Go for it.",One person found this helpful
Anand chaudhary,Cup quality worst,1.0 out of 5 stars,"Reviewed in India on June 5, 2021",Verified Purchase,Video Player is loading.,
Sagar,This is good product. As mentioned is earlier/old reviews,4.0 out of 5 stars,"Reviewed in India on June 4, 2017",Verified Purchase,"This is good product. As mentioned is earlier/old reviews, it is little noisy but it didn't compromise on performance. I bought it in Great Indian festival sale so got good deal ☺",
Shyamal,Worth to buy,4.0 out of 5 stars,"Reviewed in India on March 9, 2021",Verified Purchase,"This mixture is good, it has decent amount of noise level compared with other mixture brands, I liked the lock feature as it didn't spill of the paste which was great this mixture is easy to clean.",
Ansari,Good for daily use...noise level is bit high,3.0 out of 5 stars,"Reviewed in India on May 18, 2020",Verified Purchase,After 1 year usage blade of the small mixie went loose.. Just had to tighten it.. Tats all,
POULAMI KHAN CHOWDHURY,"Noice high, functions properly",4.0 out of 5 stars,"Reviewed in India on August 4, 2021",Verified Purchase,The product I received is good. Sounds is slightly higher. I don't know why the logo of the company is black and white in colour. Otherwise it functions properly.,
Teddy G,Nice,4.0 out of 5 stars,"Reviewed in India on March 19, 2019",Verified Purchase,"Not the best quality but for the price its great. Gets the job done, what else does one need. Good packaging and easy to use.",
Divya,Good at motor but bad at juicer jar problems with blades,4.0 out of 5 stars,"Reviewed in India on August 15, 2021",Verified Purchase,Well there is no problem with the motor of the mixer but there is a problem with juicer jar. It don't cut the banans when we use it for bananashake. I think the blades are less sharp,
Pogo d.,Love you all Bajaj company keep it up hope to see more good things in budget in future,5.0 out of 5 stars,"Reviewed in India on November 18, 2020",Verified Purchase,Love it just got off when over heated overall nic product in budget range cannot expect everything in 2k,
Gaurav,Good product,5.0 out of 5 stars,"Reviewed in India on May 27, 2021",Verified Purchase,Good product. Value for money.,
Santosh G.,Not good quality,1.0 out of 5 stars,"Reviewed in India on September 1, 2020",Verified Purchase,"Within a year i had to replace shaft twice.
Then again motor burnt one day. So threw it away and bought a new one from prestige",
Lucky prasad pani,Simply to say it's very good for home use,5.0 out of 5 stars,"Reviewed in India on June 12, 2020",Verified Purchase,"It's good,but noise label is very high
This product is good for ur Home working.
Thanks Amazan u gave me a good product..",
Tirthankar Chakraborty (Subha),Better if it able to grind small amount of spices,4.0 out of 5 stars,"Reviewed in India on June 6, 2021",Verified Purchase,Better if it able to grind small amount of spices,
Mukesh,Hard to clean red liquid,5.0 out of 5 stars,"Reviewed in India on October 10, 2021",Verified Purchase,Red liquid hard to clean after grinding bone also.,
Gedela Albert Dani,Superb,5.0 out of 5 stars,"Reviewed in India on April 24, 2022",Verified Purchase,"Value for money
And easy to use",
Harun Chaudhari,Lovely product,5.0 out of 5 stars,"Reviewed in India on March 1, 2020",Verified Purchase,"very helpful to grind many edible things. I just love it. we use it for making Banana juice, making chilli powder. wonderful.",
Ammar Alani,Defective,1.0 out of 5 stars,"Reviewed in India on August 21, 2019",Verified Purchase,"Recieved a detective item with screws jumping inside the casing !
Do they even have quality control ?",
Pascoal Soares,average,3.0 out of 5 stars,"Reviewed in India on May 7, 2015",Verified Purchase,"Its ok, would have gone for a better brand, my mom is not satisfied with the mixer, she says the kenstar that we had earlier was much better. this makes a louder noise wile grinding, gets heated fast and long time to grind.",
SPS,EXCELLENT,4.0 out of 5 stars,"Reviewed in India on November 20, 2021",Verified Purchase,NICE,
Sachin kumar,petal of small jar is broken,3.0 out of 5 stars,"Reviewed in India on June 8, 2022",Verified Purchase,Video Player is loading.,
pabitra swain,Not a very good product.,3.0 out of 5 stars,"Reviewed in India on March 13, 2022",Verified Purchase,I like the design and look of the mixture but it gets heated after sometimes. It's auto cutted several times and takes too long to restart.,
SRIKANTH,Best product in this price 1700/-,5.0 out of 5 stars,"Reviewed in India on May 29, 2017",Verified Purchase,"Very nice product. Material quality EXCELLENT, sooper durability easy to use and wash..safe best quality product..I bought this product 3 times in amazon 👌👌👌👍👍👍👏👏👏😊😊😊⚘⚘⚘⚘",
Laxmikanta Jena,Ok.. Product,3.0 out of 5 stars,"Reviewed in India on August 5, 2020",Verified Purchase,"In 1st day use itself the jar coupler damaged..
But good thing is that after giving complain immidiate mechanic came and repaired..
But its producing more noise i think",
Yaswanth naidu ,The product stopped working today morning. Dissatisfied with the machine performance,1.0 out of 5 stars,"Reviewed in India on April 6, 2022",Verified Purchase,,
V More,Value for Money.. 👍,4.0 out of 5 stars,"Reviewed in India on October 27, 2017",Verified Purchase,"Quality is good..
Little bit noisy..
I got in in very much reasonable price as compare with market..
So completely value for money..
Go for it..",
Amarjeet kumar,A good one from Bajaj,5.0 out of 5 stars,"Reviewed in India on November 6, 2018",Verified Purchase,"Let me tell you all, this product is the best among this price range. Got this one at 1400/- and this is the best from Bajaj at this price. I will suggest you to go for it blindly without seeing the other brands",
Sushantt,Not Reliable,1.0 out of 5 stars,"Reviewed in India on February 4, 2022",Verified Purchase,Machine failed within 3 months of use.,
Sudarshan Kumar,Best,4.0 out of 5 stars,"Reviewed in India on February 23, 2022",Verified Purchase,Ok,
RAVINDRA MANKAR,Gpod,5.0 out of 5 stars,"Reviewed in India on June 24, 2021",Verified Purchase,Good product at this price range.,
Deeksha,Good product,5.0 out of 5 stars,"Reviewed in India on July 20, 2020",Verified Purchase,"A good product in the price range. Been using it for more than a year now. Noise levels can be a little high, but overall quality is satisfactory. Blades are sharp.",
Satya,Good broduct,5.0 out of 5 stars,"Reviewed in India on January 25, 2021",Verified Purchase,Have been using it for two years and not a single problem occured yet.,
Trips...,Running absolutely fine. Keep it clean and covered,4.0 out of 5 stars,"Reviewed in India on September 5, 2017",Verified Purchase,"Running absolutely fine. Keep it clean and covered, and it shines white. I have used it for 2 months now, and very happy with the product for the price.",One person found this helpful
Amazon Customer,Very nice and strong product,5.0 out of 5 stars,"Reviewed in India on November 14, 2020",Verified Purchase,"Easy to handle , locks very nicely , don't even need to use hand on top for the pressure sometimes , it's cap fits very tight . Very satisfied with the purchase .",
Abhijeet Kadam,Good product,3.0 out of 5 stars,"Reviewed in India on October 22, 2019",Verified Purchase,This product is good but not for heavy load..you can make small amount of paste and masala's.blade quality is ok ok,
Chandan Lal,Very good,4.0 out of 5 stars,"Reviewed in India on September 21, 2021",Verified Purchase,I like this,
Amrita Chakravarty,Thumps up.. worth buying in budget.,5.0 out of 5 stars,"Reviewed in India on May 17, 2019",Verified Purchase,"Its a good product , brand value is there. Jar quality is also. As its slimmer is size, its taking less space.",
Anandhan Annamalai,Very worst product,1.0 out of 5 stars,"Reviewed in India on July 26, 2022",Verified Purchase,"Very worst product quality JAR. Once it is locked, very tight ti remove.

Now I have look for separate JAR. Big cheaters",
Madhu Mala,Very good,5.0 out of 5 stars,"Reviewed in India on January 5, 2022",Verified Purchase,Super,
Shrikrishna,At reasonable price this is best deal!!,5.0 out of 5 stars,"Reviewed in India on January 22, 2019",Verified Purchase,We purchased this product almost 2 years back and it still delivering good performance. At reasonable price this is best deal!!,
Kartika Rout,OK!,3.0 out of 5 stars,"Reviewed in India on January 29, 2021",Verified Purchase,Doesn't look good ... Product is not strong.  Sound is getting louder while driving.,
Sahabuddin,G,4.0 out of 5 stars,"Reviewed in India on April 18, 2022",Verified Purchase,Good,
Ayan Pratihar,LOUDER THAN YOUR TV,5.0 out of 5 stars,"Reviewed in India on October 27, 2020",Verified Purchase,"noise level is really loud. it's like construction work is going in your home.
but did the job as a mixture so go buy it if you can ignore loud noise.",
Dr. Suvojit Dutta,Awesome product,5.0 out of 5 stars,"Reviewed in India on May 28, 2021",Verified Purchase,The product is so good 👍,
Gurpreet singh sidhu,Low quality product and mostly jar cap damage,3.0 out of 5 stars,"Reviewed in India on January 1, 2022",Verified Purchase,"1. Low quality
2. To much noise
3. Broken some parts
Not recommend this product",
Deepak Negi,Jar gets jammed,2.0 out of 5 stars,"Reviewed in India on May 2, 2019",Verified Purchase,"Mixer is not properly designed. Due to motor Rotation motion, jar gets stuck. Now i have stuck jar in the motor and need to go to shop to remove it.",
Amazon Customer,Worth the money,5.0 out of 5 stars,"Reviewed in India on December 17, 2021",Verified Purchase,The product is excellent for mixing and grinding.It’s worth the money and I’m more happy to receive a gift (iron) along with the product,
Enbok,damaged product,1.0 out of 5 stars,"Reviewed in India on August 14, 2021",Verified Purchase,"The item was broken when received. Order a replacement and guess what, another damaged product 🤦‍♂️",One person found this helpful
Santhosh PR,Not bad,3.0 out of 5 stars,"Reviewed in India on July 25, 2021",Verified Purchase,Average quality,
Bina lwagun,Not good experience,2.0 out of 5 stars,"Reviewed in India on October 25, 2021",Verified Purchase,Not a good product from bajaj I must say after using it for one year. Just using it for one year only it’s jar got damaged.really disappointed with this purchase.,
Ashok,Not even able to grind banana with milk,1.0 out of 5 stars,"Reviewed in India on May 12, 2022",Verified Purchase,Worst ever purchase. Its not even able to grindr for 1 constant minute. I will stop in middle and we have to wait to reset it.,
Mani Lama,Bajaj grinder,5.0 out of 5 stars,"Reviewed in India on December 3, 2018",Verified Purchase,"Frankly, i am really satisfied with this product. I am using this machine in daily basis well till now everything is fine. All the things are attached in box seen in picture. Durability is all good and main thing its very easy to clean.",
Amazon Customer,Excellent Product,4.0 out of 5 stars,"Reviewed in India on February 27, 2021",Verified Purchase,"Very Good Product, easy to use on daily basis, My MOM is happy.",
prathyusha,Product is not working .need help,1.0 out of 5 stars,"Reviewed in India on September 29, 2020",Verified Purchase,It's not even 10 months I bought this and moxy stopped working al of sudden.please help us in resolcing this problem.as this is still in warranty .,One person found this helpful
Aditya Khandelwal,Too Bad grinding,1.0 out of 5 stars,"Reviewed in India on January 12, 2021",Verified Purchase,"Post 6 month review its worst grinder ever, doesn't refine the grinding items to a seamless mix. Wouldn't recommend anyone to buy Bajaj",
Md Arif alam,Good product,5.0 out of 5 stars,"Reviewed in India on May 23, 2022",Verified Purchase,Good product,
Soumyajit sahoo,Noise level very high,3.0 out of 5 stars,"Reviewed in India on December 8, 2019",Verified Purchase,,One person found this helpful
Jeet shekhar,Good product,5.0 out of 5 stars,"Reviewed in India on November 29, 2021",Verified Purchase,Very good product and a little sound effect sounds much but still very good not less dam per so mix good product thanks to amazon,
Tanmay D.,Defective packaging.,3.0 out of 5 stars,"Reviewed in India on November 24, 2020",Verified Purchase,Packaged seal  was already broken and I found some defect in small container  so I request to replace these product but otherwise it's good  product.,
Amazon Customer,Bajaj Mixer Grinder,5.0 out of 5 stars,"Reviewed in India on August 8, 2020",Verified Purchase,Very affordable. Looks durable and there are containers in 3 sizes. I hv started using it. Home Delivered!!!,
AMITABHA CHOUDHURY,Excelent rate & fastest delivery,5.0 out of 5 stars,"Reviewed in India on July 21, 2018",Verified Purchase,Excelent grinder. I Chequed it . This grinders purchased for gifting. Excelent discounted rate & fastest delivery by Amazon. Thanks  Amazon,
Amazon Customer,Motor got damaged.,1.0 out of 5 stars,"Reviewed in India on January 5, 2022",Verified Purchase,Review after use of 2 years. Now motor got damaged and as per technician it will cost around ₹1200.,
surojit d.,Aswme product,5.0 out of 5 stars,"Reviewed in India on March 4, 2022",Verified Purchase,Very good condition and working smoothly,
RANJIT MONDAL,Normal,5.0 out of 5 stars,"Reviewed in India on September 11, 2021",Verified Purchase,Medium,
Santanu,Awesome deal,5.0 out of 5 stars,"Reviewed in India on November 6, 2021",Verified Purchase,I was able to buy at 30% less than the local market. I am very happy. thank you Amazon,
Mahfuzul Azam,Broken Jar received,1.0 out of 5 stars,"Reviewed in India on June 18, 2021",Verified Purchase,Product is okay but I have received with broken jar.,One person found this helpful
Toni Hoque,Very happy with the product.,5.0 out of 5 stars,"Reviewed in India on November 7, 2020",Verified Purchase,"Giving review after using 2years
Very Good product , I used it in our home for 2 years , It absolutely fine .
No noise problem till now . I am satisfied ,we are satisfied. Go for it .
#bajaj",
HITENDRA VANZARA,excellent product...,5.0 out of 5 stars,"Reviewed in India on May 4, 2021",Verified Purchase,thank you amazon for product with great and honest pricing. quality and performance of the product is very good .go for it..big thumbs up to amazon...,
MUSHAROF AHMED,Good,5.0 out of 5 stars,"Reviewed in India on November 27, 2021",Verified Purchase,Good,
Sushree Sangita,very good,4.0 out of 5 stars,"Reviewed in India on February 26, 2018",Verified Purchase,"its been more than 1 year i am using it.
its working fine though i am not frequent user.
3 jars are good. noise is not too much, as expected in other Mixer.As per price its good.",
Sagar Das,Only 2 jars were sent,2.0 out of 5 stars,"Reviewed in India on January 13, 2022",Verified Purchase,"Had to return the product, as only 2 out of 3 jars were sent along with the mixer grinder.",
Durga Prasad,Best for home use,5.0 out of 5 stars,"Reviewed in India on September 14, 2020",Verified Purchase,"It's good for typical home use....
Grinds perfectly",
mayuri shetty,NON FUNCTIONAL. DEFECTIVE PIECE.,2.0 out of 5 stars,"Reviewed in India on October 3, 2018",Verified Purchase,"THE BIGGEST JAR HAD A HOLE.
THE MEDIUM JAR IS MAKING TOO MUCH NOISE. ONLY THE SMALLEST JAR WAS FITTING. I NEED A REPLACEMENT",
KA,Blade came off on day 1,1.0 out of 5 stars,"Reviewed in India on June 22, 2020",Verified Purchase,The spinner blade came off from base on day 1. Returned back.,
Soumita,using it for 4years,5.0 out of 5 stars,"Reviewed in India on August 31, 2020",Verified Purchase,I have bought it four years back and it is still working fine. Recommended product,
Amazon Customer,Good Product,4.0 out of 5 stars,"Reviewed in India on March 23, 2019",Verified Purchase,"Pros : 1. Looks so good.
2. Works nicely.
Cons : 1. It’s rotator got broken after 6 month when little highly used.",
Harthick,"Excellent quality, no issues whatsoever",5.0 out of 5 stars,"Reviewed in India on September 8, 2017",Verified Purchase,"Excellent quality, no issues whatsoever, working fine with great efficiency, product as shown in the image and nothing is missing and great packing!!!!",
Debasis Bhattacharyya,Value for money.,5.0 out of 5 stars,"Reviewed in India on August 8, 2021",Verified Purchase,"Very good coupling, low noise, good grinding quality. Has been using for more than 19 months",
Anish Toppo,Good product,5.0 out of 5 stars,"Reviewed in India on November 14, 2020",Verified Purchase,Lock karne me muskil ati h ..kabhi kabhi jyada tite ho jata h..baki acha product h,
anant manohar,Star performance,5.0 out of 5 stars,"Reviewed in India on December 26, 2020",Verified Purchase,Very nice mixer grinder. You are star.,
Amazon Customer,Not satisfied,3.0 out of 5 stars,"Reviewed in India on July 17, 2020",Verified Purchase,Does not make a good paste with Jeera. Better options available with same brand.,
Sassy,Value for money product,4.0 out of 5 stars,"Reviewed in India on May 31, 2021",Verified Purchase,"Value for money and compact for kitchen
Jar cap Rubber value is not easy to clean otherwise it's good to use",
MOUSUMI HOM CHOUDHURY,Excellent,5.0 out of 5 stars,"Reviewed in India on June 24, 2021",Verified Purchase,Awesome product,
Md.Taslim Ansari,My product is different from the picture given,1.0 out of 5 stars,"Reviewed in India on July 21, 2020",Verified Purchase,I have got Different model mixer that does not have Bajaj Rex 500 written on it.My product is different from the picture given😷😷😷,One person found this helpful
Neelam,Satisfied customer,4.0 out of 5 stars,"Reviewed in India on December 3, 2018",Verified Purchase,I like the product..fulfill the requirement.Before buying I searched many but finally decided to buy it.worth buying it.thanks amazon,
Anil Kumar,Excellent for daily use,5.0 out of 5 stars,"Reviewed in India on October 13, 2019",Verified Purchase,Good product... Bought in navratri sale.. Now after using 6 months it is working fine. I have Almost using everyday.,
Deepak Samant,It works nicely.,4.0 out of 5 stars,"Reviewed in India on September 20, 2021",Verified Purchase,"Lock feature,easy to clean.",
AMIYA KUMAR NAYAK,Super,4.0 out of 5 stars,"Reviewed in India on February 21, 2022",Verified Purchase,Thanks,
Nisha thakkar,Crap product,1.0 out of 5 stars,"Reviewed in India on August 6, 2020",Verified Purchase,You can't make coconut chatni in this. Big pieces of coconut will be found in chatni. Was not happy so returned it.,
Amazon Customer,nice one,4.0 out of 5 stars,"Reviewed in India on November 23, 2020",Verified Purchase,good one ... low noise then other mixer .. aslo  no issue and problem till now...  i have always received good product from amazon.,
Bibby,Superb,5.0 out of 5 stars,"Reviewed in India on May 25, 2020",Verified Purchase,This is very portable and good for moderate use . I really loved the product value for money .build quality is moderate and light so use it smoothly,
Bodhi D.,Gone bad in 3 months,1.0 out of 5 stars,"Reviewed in India on August 4, 2021",Verified Purchase,"In less than 3 months , this product(Knob) become non-operational, don't know where to repair the same. Waste of money !",
Khushboo,Defective product,1.0 out of 5 stars,"Reviewed in India on June 7, 2020",Verified Purchase,Have received a defective product..1 jar is not working at all.. another one is broken and 3rd one also just average..they are not ready to take the return or replace..horrible experience,
Bheemaraju,Good product,5.0 out of 5 stars,"Reviewed in India on August 12, 2019",Verified Purchase,I was purchased this mixer grinder at 10-August-2016. Present Condition is good nearly 4 years completed no problem.preoceed,
Deepak Sandilya,Best Performance,5.0 out of 5 stars,"Reviewed in India on December 5, 2021",Verified Purchase,Just go for it.. very good,
Debaroti Bhattacharya,Poor quality mixer grinder,1.0 out of 5 stars,"Reviewed in India on March 17, 2020",Verified Purchase,This product is not good at all used it today for the first time to check and very disappointed. I was traveling so couldn't get a chance to upen it earlier. Would prefer to return and buy a different one.,
Shadow,Safety,3.0 out of 5 stars,"Reviewed in India on November 19, 2021",Verified Purchase,"Motor not work.
Spinner is broken..
Worst safety.",
Amazon Buyer KS,Good Product,4.0 out of 5 stars,"Reviewed in India on May 5, 2016",Verified Purchase,I bought this product for my mother. I just went by the Bajaj brand name and ordered it. The product is working well and my mother is completely satisfied with it.,One person found this helpful
Varsha Bamne,"Fantastic, so happy with the product, thanks Amazon and Bajaj",5.0 out of 5 stars,"Reviewed in India on October 20, 2019",Verified Purchase,"Loved this mixer, brought it for my mom and she’s extremely happy. Small in size is the best feature and works fantastic. You get 1 yr warranty from Bajaj.",
Rohit,Just OK product,3.0 out of 5 stars,"Reviewed in India on April 27, 2019",Verified Purchase,I purchased it only for mixer but It can't even make banana shake properly. The pieces remains at the bottom of the jar.,
rahul kumar bharti,Mixar grinder,3.0 out of 5 stars,"Reviewed in India on June 18, 2022",Verified Purchase,Prodect is costly and sarvice is not good are lode is not working machine,
Himadri chatterjee,Good,5.0 out of 5 stars,"Reviewed in India on April 27, 2022",Verified Purchase,Good,
Azra Fatima,Value for money,4.0 out of 5 stars,"Reviewed in India on April 1, 2021",Verified Purchase,I liked it . Its was a good deal for me,
Yash Maurya,Good,3.0 out of 5 stars,"Reviewed in India on November 15, 2021",Verified Purchase,Not all good!,
RAHUL KUMAR GUPTA,Sonchne  ka nahiiiiiiiii..only Buy it...,5.0 out of 5 stars,"Reviewed in India on November 15, 2019",Verified Purchase,"Bole to Just buy na yaar ...
It's handy, and cheap and best...
Sonch KR time waste Kaye ko Krna..
Just buy Yaara...",
Namita Bhandarge,I won't buy anything from Amazon ever.,1.0 out of 5 stars,"Reviewed in India on November 14, 2020",Verified Purchase,The replaced item is again damaged. I'm fed up. Don't you check the item before shipping. The mixer pot has crack. The lock feature is damaged.,One person found this helpful
Madhusudan Kumar,Totally disappointed,1.0 out of 5 stars,"Reviewed in India on November 15, 2020",Verified Purchase,Without jar and jar cap what I said to amazon or bajaj like company I am totally disappointed to see such type of cheating by most popular organization,
Nidhi,Worth to buy Excellent,4.0 out of 5 stars,"Reviewed in India on August 20, 2020",Verified Purchase,"Writing this review after use of 1year
Excellent product 👌
No complaint till now
Noice is normal like any other mixture
(Picture taken after use of 1 year otherwise shine of the mixture was brand new)",
Anupam,Nice product at a superb price,4.0 out of 5 stars,"Reviewed in India on June 4, 2015",Verified Purchase,"Nice product and I got it for only 1200 Rs.

The package contains 3 jars. Only small issue I noticed is the amount of noise it makes. Other than that it's a very good mixer Grinder.",
Pallavi Bhoite,Too much noisy,4.0 out of 5 stars,"Reviewed in India on February 10, 2021",Verified Purchase,Loved the size and the design of the product however it is too much noisy.,
S.mohapatra,Too noisy,3.0 out of 5 stars,"Reviewed in India on June 14, 2020",Verified Purchase,It's good. But takes time to grind. Blades are not so sharp,
Mukesh kumar pandey,Overall it's nice for amall family,4.0 out of 5 stars,"Reviewed in India on April 20, 2022",Verified Purchase,Ok it's very much simple and nice for small 🦐 used,One person found this helpful
Shettigar M,Good for micro fmly,4.0 out of 5 stars,"Reviewed in India on January 4, 2019",Verified Purchase,"Good product
Delivered as per schedule
Product quality is good
Meant for light use as the capacity says 500",
abhay narayan,Falty product received.,1.0 out of 5 stars,"Reviewed in India on August 14, 2021",Verified Purchase,"Reset button was falty since new.
Now service center is asking to pay money for that button. They are saying reset button doesn't comes under warranty.",
Vishal,एक भद्र उपहार/भेंट।,4.0 out of 5 stars,"Reviewed in India on July 26, 2021",Verified Purchase,"मेरी दीदी के लिए भेंट/उपहार के रूप में कीना था। यह एक भद्र और भरोसेमंद उत्पाद साबित हुआ। इसके समान अन्य कई उत्पादों की समीक्षा के पश्चात इसे चुना, निर्णय सही साबित हुआ।",
Tulasi Ram,Good for that price,4.0 out of 5 stars,"Reviewed in India on September 21, 2018",Verified Purchase,"Till now working properly.
Good for that price.
I dont use daily. Once in week.",One person found this helpful
Adit,good though,4.0 out of 5 stars,"Reviewed in India on February 24, 2017",Verified Purchase,the quality is good...initially o given a negetive review... but that was my mistake...it stops working when you use it more than its capacity... you just need to reset it by pressing the button given in bottom of the mixer..,
Bipasha Das,Worst product ever,1.0 out of 5 stars,"Reviewed in India on June 14, 2021",Verified Purchase,Worst products ever.. Don't buy... quality is not good.. the container was broken..👎 after that I never buy from Amazon..every product I purchase.. worst products...👎👎👎,
Anu,Cheap Quality,1.0 out of 5 stars,"Reviewed in India on October 25, 2018",Verified Purchase,Jar quality is not good. Grinder socket has two pin. Ideally three pin socket is good for Grinder. Not worth of money. You can get local made good quality grinder with very less price.,
Shweta,Must buy product,5.0 out of 5 stars,"Reviewed in India on January 22, 2019",Verified Purchase,Seriously how it can be this much amazing... Must buy product go for it without any hesitation... Value for money ignore all the negative reviews and get it...,
Prashant patil,Disappointed by Bajaj,1.0 out of 5 stars,"Reviewed in India on June 26, 2021",Verified Purchase,"It's quite ok but not worth to it's value , it is very noisy as well as poor finishing of jars along with the grinder",
Raahi Safar,My Mom Loved It,4.0 out of 5 stars,"Reviewed in India on September 10, 2020",Verified Purchase,value for money product. At this price point this product is good.,
SOUVIK DUTTA,Value for money,4.0 out of 5 stars,"Reviewed in India on May 29, 2021",Verified Purchase,Nice product,
Mayilvahanan ,Five Stars,2.0 out of 5 stars,"Reviewed in India on April 15, 2018",Verified Purchase,Unfortunately stopped working in 2 days. Returned the product. Appreciate the Amazon's hassle free return policy and the 2 stars for it.,
Ramesh kumar khatri,"Machine is not working,",1.0 out of 5 stars,"Reviewed in India on March 16, 2022",Verified Purchase,Video Player is loading.,
Amazon Customer,Very High noise level,2.0 out of 5 stars,"Reviewed in India on April 10, 2021",Verified Purchase,Makes very loud noise.,
Riz,Good one,5.0 out of 5 stars,"Reviewed in India on August 2, 2019",Verified Purchase,Bit noisy but gives you perfect work...nice one for 2-3 person only...not recommended for families...,
Amazon Customer,Go for it this price,5.0 out of 5 stars,"Reviewed in India on February 24, 2021",Verified Purchase,I using for more than 2 years.now I bought it for my mother too..good product,One person found this helpful
Abu Ammar,Very Nice Love It,5.0 out of 5 stars,"Reviewed in India on November 13, 2021",Verified Purchase,ऐसा बहुत कम होता है ज़बरदस्त प्रोडक्ट वो भी इतना सस्ते दाम में ।,
Deepali,Broken jar,1.0 out of 5 stars,"Reviewed in India on November 12, 2020",Verified Purchase,"This is my first time ordering this on Amazon with my first salary, but what I get is beyond what I expected.. a broken Jar. It just today is holy festival, so we can't return it otherwise I would have.",
Jeet,gets the job done,5.0 out of 5 stars,"Reviewed in India on March 27, 2021",Verified Purchase,gets the job done.,
Amit Gautam,"Recommend to buy, very economical and useful product",5.0 out of 5 stars,"Reviewed in India on September 11, 2017",Verified Purchase,"Product was as expected, economic, occupies small space and is good looking.
Delivery was on time.",2 people found this helpful
Mehul Patel,Amezon Service is best.,4.0 out of 5 stars,"Reviewed in India on April 28, 2021",Verified Purchase,All Product are best 👌,
RAJ,Good product,4.0 out of 5 stars,"Reviewed in India on November 10, 2018",Verified Purchase,"Good items, Still working fine. just go for it. Do not read other negative reviews about it. I personally feel it's a good items.
Amazon fulfilled items blindly you can order",
SuperMom,Good,4.0 out of 5 stars,"Reviewed in India on January 9, 2021",Verified Purchase,Using it till now ...all good,
C. Velayutham,Nice machine,5.0 out of 5 stars,"Reviewed in India on August 3, 2021",Verified Purchase,Running without much noise.,
Satabdi ghosh,Worthy,5.0 out of 5 stars,"Reviewed in India on February 24, 2020",Verified Purchase,I ordered for my mom and it's really a decent product...you people can definitely go for it...,
Richa T.,Working fine for last one month….,5.0 out of 5 stars,"Reviewed in India on June 13, 2021",Verified Purchase,"Noise level is fine…cam not complain, after all its a mixer but not too happy with lock feature. Need to be double check before switching on.",
Pooja ,Ur choice or brand,3.0 out of 5 stars,"Reviewed in India on August 18, 2021",Verified Purchase,"Burning smell comes from it.
Bit smoke also occur in jar while using it.
May be it will be fine after regular use.
Noise level are ok.",
Vicky Souvik,Poor Package,5.0 out of 5 stars,"Reviewed in India on August 12, 2021",Verified Purchase,"Products are ok, check all options are working or not. My N1 regulator was not working. But Amazon sending this with out no packing.",
Avishek Banerjee,Have been sold damaged product by the manufacturer or seller,1.0 out of 5 stars,"Reviewed in India on January 17, 2022",Verified Purchase,The product was sold in damaged condition by seller or manufacturer ( not sure ) but beware please to any new consumer . Don’t buy this,
Vinoth Jayaram,Good mixer grinder,5.0 out of 5 stars,"Reviewed in India on December 9, 2015",Verified Purchase,"I wanted a cheap and good single jar mixer. This comes with 3 jars, so a plus (but I use only one jar). It works great as expected. So I'm totally happy with my investment in this product.",
Rahul C.,Worthy deal.,5.0 out of 5 stars,"Reviewed in India on April 27, 2022",Verified Purchase,"Do little bit noise, but overall very good product.",
Nayan gaur,Must buy,5.0 out of 5 stars,"Reviewed in India on April 28, 2021",Verified Purchase,Product was awesome👏👍,
Amazon Customer,Good machine but makes noise.,4.0 out of 5 stars,"Reviewed in India on August 10, 2020",Verified Purchase,Works well. However makes loud noise . Easy to clean n does nt takes much space.,
Khushbu,Overall worthy of money. Thumbs up purchase!,5.0 out of 5 stars,"Reviewed in India on January 23, 2022",Verified Purchase,"The product was working fine initially. After a month of using, the rotation wasn’t working.",
Harsh,Good but noise should be low,4.0 out of 5 stars,"Reviewed in India on June 20, 2021",Verified Purchase,"Wire should be little more long .....
Its noise is very loud ...
Customer care survice is good .
Other things are fine , just fix these issues",
Kapish Joshi,Value for money,5.0 out of 5 stars,"Reviewed in India on December 20, 2020",Verified Purchase,Posting review after years of use.,
Jay,Becomes too hot while using,3.0 out of 5 stars,"Reviewed in India on March 31, 2019",Verified Purchase,It becomes very hot in just few minutes of use. Works well but they need to fix the heating issue.,
Amazon Customer,Good,3.0 out of 5 stars,"Reviewed in India on July 22, 2021",Verified Purchase,Good,One person found this helpful
Neel More,Good,5.0 out of 5 stars,"Reviewed in India on September 23, 2020",Verified Purchase,"Very nice but the inside blade not good .
I'm not happy",
warsi,They are pavked alredy broken product.,1.0 out of 5 stars,"Reviewed in India on June 1, 2018",Verified Purchase,Wastege of mony.. Product was broken an only two jug avalevil in the packet.,7 people found this helpful
Sidhartha,I got damaged product delivered,2.0 out of 5 stars,"Reviewed in India on January 13, 2019",Verified Purchase,I got damaged product delivered twice. And coincidentally both time the same part is the damged one. Over all product quality also not good.,
R Shree,Bajaj is a bad choice one can ever make ! !,1.0 out of 5 stars,"Reviewed in India on October 4, 2019",Verified Purchase,"Mixer was making loud noise 📢 and Jars were leaking 💧💧....
Disappointed with such a bad 😧 quality of Bajaj....

What a bad 😧 quality check of the 🆕 products by Bajaj...
Take this as a -ve feedback and try to fix it in further orders....",
Ajay Kumar soni,Best mixer grinder,5.0 out of 5 stars,"Reviewed in India on August 26, 2021",Verified Purchase,"Very nice mixer grinder. I ordered second time this mixer. best quality plastic,jar and all experience.",
nifana,Great,5.0 out of 5 stars,"Reviewed in India on February 23, 2019",Verified Purchase,I bought this as a gift for grandma. I already have one and we love it. . Great product for the price.,
pragna purohit,Damaged Product recieved,1.0 out of 5 stars,"Reviewed in India on September 20, 2021",Verified Purchase,"One of the cap was broken when recieved, otherwise everything looks good, I will replace  with the same product, hope next  time I won't get broken one.",
Chetan Kumar PG,Expectation not reached,3.0 out of 5 stars,"Reviewed in India on September 20, 2018",Verified Purchase,"The product feels like fake brand.
I didn't feel this product is original Bajaj brand.
Sound is too much. Please don't buy this product if you don't like sound.",
Siva P.,Worst possible product,1.0 out of 5 stars,"Reviewed in India on August 11, 2020",Verified Purchase,"Juicer most useless
Wet grinder jar blade assembly slipped in one months use.Repairers advice to discard and throwaway
Only small dry grinding jar good.
Coupling failed in 2 months.waste of money.",
Manoj,"Duplicate products, stopped working",1.0 out of 5 stars,"Reviewed in India on July 31, 2020",Verified Purchase,"It's not working, wondering in 3 months how it stopped working? 😢
Duplicate products ??
Where i can repair it?",
rahul,Ok,4.0 out of 5 stars,"Reviewed in India on August 2, 2021",Verified Purchase,Ok,
PRIYANKA,Not worth it,2.0 out of 5 stars,"Reviewed in India on September 30, 2020",Verified Purchase,"Make huge noise, also blades are made of iron and thus gets eroded in less than 15 days.. Also lid of jar, difficult to clean.",
Sanjib Karmakar,Super quality product,5.0 out of 5 stars,"Reviewed in India on October 25, 2019",Verified Purchase,"Very nice product in this price segment
So thank you Bajaj thank you Amazon",
Mrs SG,Good product,5.0 out of 5 stars,"Reviewed in India on June 15, 2020",Verified Purchase,"Thanks amazon. Noise level high, lock features good and easy to clean.. very good for small family..",One person found this helpful
Shoaib Aalam,VALUE FOR MONEY,5.0 out of 5 stars,"Reviewed in India on April 17, 2021",Verified Purchase,"Very Good Product of Bajaj in whole Amazon! - that's value for money , I'll buyed this Mixer Grinder in just 2235rs! , Very Powerful Motor of this. That's Gazab! :)",
Lalit Shah,good value for money,4.0 out of 5 stars,"Reviewed in India on January 4, 2021",Verified Purchase,add glass jar as an option,
Shivanshu,Product is not working well,1.0 out of 5 stars,"Reviewed in India on April 7, 2022",Verified Purchase,I purchased this product in october and now its rotating switch is not working as well it's coming out from the grinder..,
Rajat,Duplicate,1.0 out of 5 stars,"Reviewed in India on May 5, 2021",Verified Purchase,,
Rafia,Bad quality,1.0 out of 5 stars,"Reviewed in India on November 6, 2021",Verified Purchase,Cap of one of the jar broke the very first day and after three uses it stopped working. Bad bad bad product,
Dilip Kumar Gayen,Quality of jar is poor,3.0 out of 5 stars,"Reviewed in India on June 27, 2021",Verified Purchase,Quality of jar is poor. Due to low power (500 W) it can not glinde more amount of any items. You have to glinde less amount at a time.,
Alankrita Chauhan,It works,4.0 out of 5 stars,"Reviewed in India on August 23, 2021",Verified Purchase,It’s been with us for a while now and it works just fine.,
meg,"good one, must buy. .",5.0 out of 5 stars,"Reviewed in India on September 14, 2019",Verified Purchase,"Prouduct is good. . Fast mixing for idli, dosa, vada etc, am using from 2 months. . No complaints, steel nd lid  also quality. . Must buy. ..",
subhendra,Good,5.0 out of 5 stars,"Reviewed in India on June 4, 2021",Verified Purchase,Good,
Elangovan,Product is not good,3.0 out of 5 stars,"Reviewed in India on April 19, 2021",Verified Purchase,Product is not good..We need to go shopping and buy such products instead of ordering online.. I m using it However Very bad experience with this product,
Rajat Sushil Singhal,bad product,1.0 out of 5 stars,"Reviewed in India on January 25, 2017",Verified Purchase,Bought on 28th December 2016. Lasted exactly 15 days and now it is dead. is there a refund policy. please refund my money and take back this bad product. Did not last even 30 days.,
pjbrathinam,Worth purchase.,4.0 out of 5 stars,"Reviewed in India on May 24, 2021",Verified Purchase,"Very good item.received in good condition.
Value worth for this less rate.",
Subash Babu G,Cheap and Best,4.0 out of 5 stars,"Reviewed in India on October 23, 2020",Verified Purchase,"Like :
Good quality with this Price range. Weightless.

Dislike:
Noice level is high which is similar to other brand with this price range.",
thejus joseph,reasonably good,4.0 out of 5 stars,"Reviewed in India on July 15, 2019",Verified Purchase,"compact machine,nice blades, no much sound. best for middle class satellite family",
T V Menon,Good buy,5.0 out of 5 stars,"Reviewed in India on May 10, 2021",Verified Purchase,Good product,
Shubham Loni,Not worth,3.0 out of 5 stars,"Reviewed in India on June 6, 2020",Verified Purchase,"Not satisfied with product.
Posting this review afrer 15 days of use.
The mixer lacks in grinding efficiently and makes lot of noise than usual.",
Amit Anshu,Bajaj mixer,1.0 out of 5 stars,"Reviewed in India on May 27, 2021",Verified Purchase,The blades are it good and it heats little to fast. Please don't consider it unless it's coming for free.,
Saurav,Small jar leakage in new item itself.,1.0 out of 5 stars,"Reviewed in India on March 22, 2022",Verified Purchase,"Disgusting product , small jar leakage and too much noise",
Sudha ,Good product,5.0 out of 5 stars,"Reviewed in India on August 25, 2020",Verified Purchase,Product is good but knife is missing 😔,
Javed,Problem in grinding,1.0 out of 5 stars,"Reviewed in India on January 17, 2021",Verified Purchase,Problem in grinding in 4 months.,
Amazon Customer,Very disappointed,1.0 out of 5 stars,"Reviewed in India on December 1, 2019",Verified Purchase,The noise is terrible. Never expected a branded product to be like this. Very disappointed. Buy at your own risk,
Sameer kumar,Bajaj rex500 grinder,5.0 out of 5 stars,"Reviewed in India on April 20, 2022",Verified Purchase,"This product is really very good and easy to use , cost is really very low in Amazon, very easy to handle and use..",
Bhupendra,best product,5.0 out of 5 stars,"Reviewed in India on June 1, 2022",Verified Purchase,using for 2 years and great product,
Ram khandait,Bajaj rex 500,5.0 out of 5 stars,"Reviewed in India on July 9, 2020",Verified Purchase,I like this product but there is too much noise while using it without jar otherwise it is the best product as compared to cost it is aslo very easy to clean i will say thanks for amazon for hign quality level...,
ATANU KOLEY,Ovalaal good purchase at a cost 1700.,1.0 out of 5 stars,"Reviewed in India on January 30, 2019",Verified Purchase,"Not such a good product from a reputed company.Few days before it stopped working,after few days service man came from company they solve the problem.",
Rocky Gupta,Works well,5.0 out of 5 stars,"Reviewed in India on May 31, 2021",Verified Purchase,Good product for the price but the machine sound quite noisy.,
s k kapoor,Good product,5.0 out of 5 stars,"Reviewed in India on March 7, 2021",Verified Purchase,Compact mixi. Easy to use nd clean.,
Banambar Pradhan,Excellent 👌👌👌,5.0 out of 5 stars,"Reviewed in India on June 20, 2021",Verified Purchase,Good product,
shahnawaz,Good Product,3.0 out of 5 stars,"Reviewed in India on July 29, 2020",Verified Purchase,"Too much noisy.Locking system needs to be improved.
Worth for money",
SUDEEP,Good quality,5.0 out of 5 stars,"Reviewed in India on March 25, 2021",Verified Purchase,Good quality,
Armature Reaction,Poor packaging by the seller,4.0 out of 5 stars,"Reviewed in India on June 26, 2021",Verified Purchase,Video Player is loading.,
Chanchal K. Sinha,Strong and easy,5.0 out of 5 stars,"Reviewed in India on March 12, 2022",Verified Purchase,All good.. ordered it second time,
Shiv Shankar,Bajaj- Chalta rahe,4.0 out of 5 stars,"Reviewed in India on February 11, 2019",Verified Purchase,One of the best mixer grinder I've used. Easy to use and clean. It is durable and most important whenever I want to have juice I have  it. It became a part of my breakfast.,
Subrata Roy,Good,4.0 out of 5 stars,"Reviewed in India on May 12, 2021",Verified Purchase,Good,
Nikhil Chopade,Do not buy.,1.0 out of 5 stars,"Reviewed in India on November 23, 2021",Verified Purchase,"Not good quality, go for other brands",
Jerin M James,Below Average Product,3.0 out of 5 stars,"Reviewed in India on February 23, 2022",Verified Purchase,"Cheap steel material is used in the jars and the lids are not properly attaching.
No earth pin specifically.",
Masoom Reza Rahi,Qualitatively good.,5.0 out of 5 stars,"Reviewed in India on March 24, 2021",Verified Purchase,Reviewing after years. Its still working fine.,
Ajeet singh,Product is good not best,3.0 out of 5 stars,"Reviewed in India on April 16, 2021",Verified Purchase,"Value for money product and company tag is very important so I will gave 3 🌟🌟🌟
Noise is so high",
Nayak,Defective product,1.0 out of 5 stars,"Reviewed in India on January 18, 2019",Verified Purchase,"Received a defective product.
The base of 1 of the jars is broken. but my bad luck, I checked it only after 1 year of purchase.so can't even replace it",One person found this helpful
Koushik D,Best mixer and grinder,5.0 out of 5 stars,"Reviewed in India on November 9, 2018",Verified Purchase,good product at this price...but i am not satisfied with it's packaging..my packaging was very bad from seller,
SHRABAN PAN,Best product ever,5.0 out of 5 stars,"Reviewed in India on February 29, 2020",Verified Purchase,I've been using it since 1st day of my buy..it's been a long time it is still working..Go for it,
Vishal Navekar,Good,5.0 out of 5 stars,"Reviewed in India on February 26, 2019",Verified Purchase,"It was good for the price paid, good quality, only noise can be reduced. Amazon must give service in Marathi.",
Dhruv,Machine seema ok but jars are rubbish,2.0 out of 5 stars,"Reviewed in India on December 1, 2020",Verified Purchase,"Too much noise, vibrations and leakage of liquid even after applying whole hand pressure.",
Gaytri srivastava,Found best,5.0 out of 5 stars,"Reviewed in India on January 14, 2022",Verified Purchase,Like,
Tapan,Good,4.0 out of 5 stars,"Reviewed in India on May 2, 2021",Verified Purchase,Like,
keerthikommuri,Pieces of vegetables left when making juices,3.0 out of 5 stars,"Reviewed in India on September 7, 2020",Verified Purchase,When I make carrot or beetroot juices in the biggest jar there are vegetable pieces left at the bottom. It is not efficient for making juices. The small and the medium Jars are good.,
Waqar Ahmad,Very Poor Quality,2.0 out of 5 stars,"Reviewed in India on May 23, 2019",Verified Purchase,Please don't buy this product. The jars of this product are of very low quality and they will not grind or mix properly. Also they leak when you try to make any shake. Only the motor is okay and will last long upto 5-6 years.,
Swati,Good,5.0 out of 5 stars,"Reviewed in India on April 24, 2021",Verified Purchase,It's all good,
Rajeev kumar,Nice product,4.0 out of 5 stars,"Reviewed in India on June 10, 2020",Verified Purchase,"Using from last 1 year. No problem till now.
Simple and Easy to use.",
Akanksha,"Value for money, good functioning",5.0 out of 5 stars,"Reviewed in India on November 2, 2019",Verified Purchase,"Value for money, good functioning, easy to clean, lightweight vessels",
Sunny,High noise and vibration.,1.0 out of 5 stars,"Reviewed in India on November 17, 2020",Verified Purchase,Heavy noise and vibrations. Complete locality will know when you will use it such high is its noise.,
Manish Srivastava,Bajaj rocks,5.0 out of 5 stars,"Reviewed in India on October 22, 2021",Verified Purchase,Nothing best on this price. Love it,
Galab,Good,3.0 out of 5 stars,"Reviewed in India on December 26, 2021",Verified Purchase,Nice one thank u bajaj,
Krishna Pratap Singh chandel,Value for money,5.0 out of 5 stars,"Reviewed in India on July 13, 2021",Verified Purchase,"I love my mixer,it is really in very good working condition",
Amazon Customer,Worth buying value for money,5.0 out of 5 stars,"Reviewed in India on December 11, 2021",Verified Purchase,Worth buying value for money,
poonachauhan,Very good product,5.0 out of 5 stars,"Reviewed in India on October 31, 2020",Verified Purchase,Very good packaging and high speed,
Amazon Customer,Good Product,5.0 out of 5 stars,"Reviewed in India on February 2, 2021",Verified Purchase,Value for money,
Gajraj Suthar,Good,5.0 out of 5 stars,"Reviewed in India on July 2, 2021",Verified Purchase,Nice,
SAMIRAN SAHA,Good mixer,4.0 out of 5 stars,"Reviewed in India on November 3, 2020",Verified Purchase,Its good..work perfectly.,
jay pandey,"pls dont buy , pls don't buy",1.0 out of 5 stars,"Reviewed in India on May 18, 2020",Verified Purchase,"i have received defective product, 1 small jar is damaged. i m tried nto return product but return service has been blocked by Amazon. this is unethethical services by top Amazon company",
Vihi,COMPLETE WASTE OF MONEY,1.0 out of 5 stars,"Reviewed in India on March 22, 2017",Verified Purchase,"COMPLETE WASTE OF MONEY, WHEN IT WAS RUNNING INSIDE THE MACHINE SOMETHING WAS BURNT OUT, AND NOT WORKING AT ALL, DON'T GO FOR THIS, ITS JUST WASTE OF MONEY...",One person found this helpful
Abhishek Kumar,Wonderful.,5.0 out of 5 stars,"Reviewed in India on May 21, 2021",Verified Purchase,Wonderful Product.,
Abd-Allah,Amazing!!!,5.0 out of 5 stars,"Reviewed in India on November 17, 2020",Verified Purchase,Using it for more than 1.5 years now. No problems faced so far. Very good product. You can definitely buy this one of you are looking for something sturdy and powerful.,
Mohammed Mahboob Ali,"Locking arrangement found to be worst, manufacturing defect,",1.0 out of 5 stars,"Reviewed in India on November 23, 2021",Verified Purchase,"Locking arrangement found to be worst, manufacturing defect, not able to print warranty to from amazon, Please replace this product.",
Kalyani yadav,Good for use,4.0 out of 5 stars,"Reviewed in India on September 11, 2018",Verified Purchase,"This one is durable and good for use, durable as well as grinds really well",One person found this helpful
raghavan,Helps basic needs,3.0 out of 5 stars,"Reviewed in India on February 1, 2022",Verified Purchase,This is for basic needs only.,
Dnyaneshwar,Good but disappointed by noise,4.0 out of 5 stars,"Reviewed in India on June 19, 2021",Verified Purchase,Looks and works perfectly fine but it makes so much noise which is really annoying,
Sb,Poor quality,1.0 out of 5 stars,"Reviewed in India on October 26, 2020",Verified Purchase,Damaged products...poor quality,
Manish Kumar,Every home needed...,5.0 out of 5 stars,"Reviewed in India on May 7, 2021",Verified Purchase,very good...,
Jyoti,Good one,5.0 out of 5 stars,"Reviewed in India on September 4, 2019",Verified Purchase,Writing this review after 2 years of use. Powerful mixer. No complaint until now.,
Siddhartha ,Use very well,5.0 out of 5 stars,"Reviewed in India on November 17, 2020",Verified Purchase,Good product to use....,
Abhirup Hore,Good Product,5.0 out of 5 stars,"Reviewed in India on November 25, 2021",Verified Purchase,Good Quality... Thanks Amazon,
Avnish Prabhat,Its warrenty period Has not the stamp of that shop 🙄😕,4.0 out of 5 stars,"Reviewed in India on November 23, 2020",Verified Purchase,"Littel bit Noisey but only for 2-3 min We can handel this noise while everything is fine
I will Review again after 3 momths of use wait and watch

Let's rock ✌",
Swarup Ghosh,In this Range this is Good,4.0 out of 5 stars,"Reviewed in India on November 29, 2021",Verified Purchase,If you are looking for an average good mixer grinder in low power consumption then you should go for it..This is  cool..,
Alolika L.,Need to think,3.0 out of 5 stars,"Reviewed in India on October 16, 2021",Verified Purchase,For one year the product with no complains but after completing one year and few months need reparing,
Gaurav Srivastava,Good product,5.0 out of 5 stars,"Reviewed in India on September 15, 2020",Verified Purchase,Good product according to price 👍👌,
Dilli,Nice,4.0 out of 5 stars,"Reviewed in India on December 26, 2020",Verified Purchase,Good but sound is very high,
Vani Shanthraj,"POOR JARS - ONLY 2 BLADES, TAKES LONG TIME BLEND",2.0 out of 5 stars,"Reviewed in India on August 24, 2018",Verified Purchase,Poor Jars.. It has only 2 blades in it which hampers the performance..!! Worst Jars by Bajaj.. It should have been 4 blades & this would have been an amazing product,
Ashish,Everything is good,5.0 out of 5 stars,"Reviewed in India on November 22, 2021",Verified Purchase,Liked everything,
Farhan,Really good and a worthy buy.,5.0 out of 5 stars,"Reviewed in India on October 30, 2018",Verified Purchase,It does not make loud sound rather makes an acceptable sound. Blades are very good and do the work easily.,
Maunik Vekariya,Nice product,5.0 out of 5 stars,"Reviewed in India on June 15, 2021",Verified Purchase,Fine,
anjum khan,Not worth the expectations,1.0 out of 5 stars,"Reviewed in India on April 18, 2021",Verified Purchase,Half the fruits remain intact inside even after the mixer churns for minutes,
Pushpendra khare,Noise Level,1.0 out of 5 stars,"Reviewed in India on January 30, 2022",Verified Purchase,"Don't buy these product is not good noise level very High nd vessel also not Good..
Bad experience with Product...",
Astha agarwal,Good choice for regular mixing grinding,4.0 out of 5 stars,"Reviewed in India on January 31, 2021",Verified Purchase,"Purchase this mixer grinder on Diwali as a gift for someone.
She liked it very much.
For regular mixing grinding its a perfect choice..",
Rishi N S C M,Okay with the model and price,3.0 out of 5 stars,"Reviewed in India on July 22, 2019",Verified Purchase,Takes more time to grind with lots of noise and leaves some non grinded material also,
anita rawat,Worth of money...,5.0 out of 5 stars,"Reviewed in India on July 18, 2020",Verified Purchase,So basically I bought this for one of my friend and he truly love this product..... Easy to handle and keep less space which is so helpful....,
Ashish kumar Choudhary,Great product and awesome delivery.,5.0 out of 5 stars,"Reviewed in India on March 15, 2020",Verified Purchase,"Happy to have it. Got it at such a nice price, still using it.... even after one year its works nicely. Thanks Amazon & Bajaj.",
Jagannath,overall good,4.0 out of 5 stars,"Reviewed in India on June 20, 2019",Verified Purchase,good build quality and there is still no issue . i am using it since 1 year.,
Banti kumar,"Every thing is Good, esssy to use, till current time am satisfy with this product,",5.0 out of 5 stars,"Reviewed in India on July 24, 2020",Verified Purchase,"Abibtk sb bdia h, bs thodi c noise, jyada h, or high speed me toh, bahut jyada h, baaki sb Essy to use, good looking product, am satify with this",
asid,Poor quality,3.0 out of 5 stars,"Reviewed in India on August 30, 2020",Verified Purchase,"Quality is degraded, that's why returning it.",
abrar,Ok product,3.0 out of 5 stars,"Reviewed in India on August 22, 2019",Verified Purchase,"Bought it on discount,
Fit for small items only.
Not fit for grinding
Lids are not good.",
Tushar marsale,GOOD,5.0 out of 5 stars,"Reviewed in India on March 25, 2021",Verified Purchase,GOOD,
KS,noise,4.0 out of 5 stars,"Reviewed in India on July 28, 2019",Verified Purchase,"it is noisy, one jar is more noisy,
product otherwise works satisfactorily",
Bhagirath makar,Delivered delivered,1.0 out of 5 stars,"Reviewed in India on March 6, 2022",Verified Purchase,It's totally wast money and time,
Amazon Customer,great,5.0 out of 5 stars,"Reviewed in India on June 19, 2017",Verified Purchase,Prompt delivery by Amazon. The jars are appropriately sized and doesn't look too bulky on the kitchen counter...have been using it regularly for over a month now..no issues faced so far..great product,One person found this helpful
Vaishali singh,Please don't buy this product within one year it stopped working,1.0 out of 5 stars,"Reviewed in India on September 13, 2021",Verified Purchase,It got damaged within one year,
PAPARAO,"Not  that much good, better go for Phillips",4.0 out of 5 stars,"Reviewed in India on February 25, 2019",Verified Purchase,"its got burned amper, 1 yr 10dys, quality is not good",2 people found this helpful
devyani,"doesnt work properly,",2.0 out of 5 stars,"Reviewed in India on July 1, 2019",Verified Purchase,Takes a long time to make a fine paste and still there are chunks . Save your money and please don't buy this product.,
Chetan,Amara Bajaj,5.0 out of 5 stars,"Reviewed in India on November 30, 2020",Verified Purchase,"Bajaj is a brand, will recomend to buy",
Shiv Patil,Grinder Low Quality,2.0 out of 5 stars,"Reviewed in India on June 27, 2020",Verified Purchase,Grinder Mixer fails to grind to fine smooth paste.,One person found this helpful
Diptaman Debnath,Packaging is very bad,5.0 out of 5 stars,"Reviewed in India on July 5, 2021",Verified Purchase,Product is very good but packaging is very very bad,
Sandesh,Value for money,5.0 out of 5 stars,"Reviewed in India on July 7, 2020",Verified Purchase,"Good product.. i had preethi mixer , Usha etc but felt this is compact and good.. not strong like preeti 750w ofcourse its 500w motor does its job nicely at corner",
Deepak kumawat,quality product from bajaj...,5.0 out of 5 stars,"Reviewed in India on June 15, 2015",Verified Purchase,"Good working in all conditions..
Nice looking with finishing touch....
Havy duty...
Easy to use...
All Indian customers must have this product...",
Amazon Customer,Noise,3.0 out of 5 stars,"Reviewed in India on April 3, 2021",Verified Purchase,Very noise and blades are not good. Taking much time,
Rohit M,Excellent Product 👍👍👍,5.0 out of 5 stars,"Reviewed in India on March 10, 2018",Verified Purchase,"Excellent product 👍👍👍
I chose bajaj brand becoz this company makes a long lasting and kadak product, i am fully satisfied with this product.",
Govinda chauhan,Wast of money,1.0 out of 5 stars,"Reviewed in India on May 13, 2021",Verified Purchase,"I found breaked coupler in jar
Very bad product😡😡😡",One person found this helpful
Nilesh Potdar,Best one,5.0 out of 5 stars,"Reviewed in India on January 3, 2022",Verified Purchase,Best one,
Sonika Chahar,Noisy but overall good,4.0 out of 5 stars,"Reviewed in India on February 6, 2021",Verified Purchase,Noisy but overall good. Not very costly like other brands. Easy to clean.,
Angshu,Good,5.0 out of 5 stars,"Reviewed in India on May 5, 2020",Verified Purchase,Good product.Lets see the durability of the product,
Ashfaq ch,"Where is the bill, warrenty card",1.0 out of 5 stars,"Reviewed in India on November 7, 2020",Verified Purchase,The product is good but there is no any bill or paper to identify its price and market value then how i know its warrenty date and how can i solve when the product become not working,
Abhishek kumar,Even after 4 years working nicely,5.0 out of 5 stars,"Reviewed in India on April 6, 2022",Verified Purchase,Even after 4 year working nicely,
Shaily G.,Noise is less tuan my previous bajaj food processor,5.0 out of 5 stars,"Reviewed in India on June 30, 2019",Verified Purchase,Less noisy as compared to my bajaj food processor. Faster than that. Loved it.,
Mohd Akram,ok,1.0 out of 5 stars,"Reviewed in India on May 19, 2022",Verified Purchase,ok,
Madan Singh,Good for light work,4.0 out of 5 stars,"Reviewed in India on April 13, 2019",Verified Purchase,Its good for light work with steel jars. One jar had dent but its ok with steel.,
Umesh,"Brand means a lot, even if its cheap",4.0 out of 5 stars,"Reviewed in India on November 13, 2018",Verified Purchase,Value for money. I just wanted to buy a mixer for minimal use but ended up to be a great buy...,
Amazon's regular Customer,Value for money!,4.0 out of 5 stars,"Reviewed in India on June 16, 2019",Verified Purchase,"Noise is normal as per price..
Till today (almost 1 year completed) running well.",
Anshuman,Very good product,5.0 out of 5 stars,"Reviewed in India on May 30, 2019",Verified Purchase,"Using daily, working well. Easy to use, light yet sturdy. Very efficient in mincing/mixing. Recommended.",
Vikram,Get heated up and doesnt grind properly,3.0 out of 5 stars,"Reviewed in India on October 8, 2019",Verified Purchase,If i grind continuously for more than 5 minutes mixer vrinder jar gets heated up like anything.,
anu bhuvan,Value for money,4.0 out of 5 stars,"Reviewed in India on November 25, 2020",Verified Purchase,Got it on discount.no issues till now.perfect value for money,
Swadhin Gogoi,Very good,5.0 out of 5 stars,"Reviewed in India on November 10, 2021",Verified Purchase,Nice product,
Ballond'or ,Spatula is missing,3.0 out of 5 stars,"Reviewed in India on October 18, 2020",Verified Purchase,Product is good but spatula is missing in the box. Also operation is a bit noisy.,One person found this helpful
Rashmi Mathur,very poor quality,1.0 out of 5 stars,"Reviewed in India on July 28, 2022",Verified Purchase,"rust gathering on product within 3 days of usage.
Don't buy",
Muhammedali.kv,Thanks Bajaj Thanks seller,5.0 out of 5 stars,"Reviewed in India on August 24, 2020",Verified Purchase,Very good product .Thanks Bajaj Thanks seller.,
Cilent,Bad quality,1.0 out of 5 stars,"Reviewed in India on January 10, 2022",Verified Purchase,It's not worth it,
Surbhi Paliwal,Very noisy,1.0 out of 5 stars,"Reviewed in India on January 12, 2021",Verified Purchase,I ordered it looking at its high rating. The product is extremely noisy. At the same time it is not the best as well. The blender is slow and not through,
Radhakrishna,Value for money,4.0 out of 5 stars,"Reviewed in India on April 6, 2022",Verified Purchase,"Here is my feedback after using this product for more than 3 months
1. Easy to use,",
Amazon Customer,Quality is very good,5.0 out of 5 stars,"Reviewed in India on April 15, 2021",Verified Purchase,Mixer quality is very good no nosing. Easly clean,
Dipankar,Jar lid loose,4.0 out of 5 stars,"Reviewed in India on June 7, 2021",Verified Purchase,The small jar lid is too loose for blending.You have to press your hands tightly everytime. Otherwise the grinder is fine.,
Amazon Customer,Don't,1.0 out of 5 stars,"Reviewed in India on May 22, 2019",Verified Purchase,It makes an unbearable scratching noise. I started using after the return window.,
DEBASHIS PARIDA,Easy to use,4.0 out of 5 stars,"Reviewed in India on June 5, 2020",Verified Purchase,Noise slightly higher..... body slightly hot...but value for money........,
Shaik Rasool,Great product,4.0 out of 5 stars,"Reviewed in India on October 28, 2021",Verified Purchase,Bajaj product much better than other products,
Amazon Customer,Value for money,5.0 out of 5 stars,"Reviewed in India on February 5, 2021",Verified Purchase,"Value for money, working good",
Vaibhav Dewangan,its good for thick mixing & powder stuffs,2.0 out of 5 stars,"Reviewed in India on November 13, 2018",Verified Purchase,"mixing the tomatoes is the difficult for me, liquid gets leak and spreads all over the kitchen, may be faulted piece... but still i am no expert of kitchen.",
Kindle Customer,Best Product by Bajaj in this price range!!,4.0 out of 5 stars,"Reviewed in India on May 4, 2021",Verified Purchase,"Overall product is best at this price.
Little bit noisy but manageable because we use it less then 5 min in a day.",
hemang fichadiya,Little bit noisy,4.0 out of 5 stars,"Reviewed in India on July 3, 2020",Verified Purchase,Working fine but noise should be low,
Sharma,Ok,1.0 out of 5 stars,"Reviewed in India on February 26, 2021",Verified Purchase,Ok,
Avilasha datta,Embarrassed...n hopeless...waste of money,1.0 out of 5 stars,"Reviewed in India on May 27, 2021",Verified Purchase,I ordered the same thing 3tyms. The second time I saw worse. Loosen the nuts in the jars.i m really embarrassed...,
Ankush Bindra,Good.....except the blending quality,1.0 out of 5 stars,"Reviewed in India on April 6, 2021",Verified Purchase,Only problem is blending quality...:-(,
Gouher Begum,Value for money,5.0 out of 5 stars,"Reviewed in India on February 3, 2020",Verified Purchase,It has been months since I bought this product. Haven't encountered any problem yet. Overall ot is a good product with reasonable pricing.,
Krishna Bhoumik,Not so satisfied,2.0 out of 5 stars,"Reviewed in India on December 29, 2021",Verified Purchase,Not so satisfied....the machine suddenly  stopped when the 2nd jar connected,
Anil pareek,Good product,5.0 out of 5 stars,"Reviewed in India on July 6, 2022",Verified Purchase,Very good product value for money,One person found this helpful
Amazon Customer,Poor build quality,3.0 out of 5 stars,"Reviewed in India on July 16, 2019",Verified Purchase,"The mixie is good, but basement screws are so loose and after 1 month of usage I have to fit it again and again.  If the screws are not fitted again then it is not possible use the mixie and mottor starts vibrating.",
priyesh,Not working,1.0 out of 5 stars,"Reviewed in India on July 30, 2020",Verified Purchase,"I purchased this machine basis lots of positive remarks mentioned on Review segment but my experience is not very good it stopped working within a year.
And nobody is visiting to fix it .",
Nikhita,Good Product,5.0 out of 5 stars,"Reviewed in India on November 29, 2019",Verified Purchase,Size of mixer is very compact and surface grip is excellent...and overall performance was too good... This is i want,
Amazon Customer,Best Mixer & juicer,5.0 out of 5 stars,"Reviewed in India on April 7, 2020",Verified Purchase,"I have purchased 3 pieces till now for my family members & recommend everyone to buy it, less noise, best quality and superb performance.",
Buddh,Don't buy,1.0 out of 5 stars,"Reviewed in India on March 5, 2020",Verified Purchase,After a month it's stop working... Noise is too much,
Ambrin Inamdar,Nice,5.0 out of 5 stars,"Reviewed in India on May 24, 2021",Verified Purchase,Value for money,
MD F Ansari,Good,4.0 out of 5 stars,"Reviewed in India on June 18, 2022",Verified Purchase,Good,
Manik Maurya,Good Product,4.0 out of 5 stars,"Reviewed in India on August 9, 2019",Verified Purchase,"Good in quality, using for more than 2 years no issues till now.

Overall Good.
Thanks Philips to build good product.",
Appyfizz4,Instant Delivery and ready to use mixie,5.0 out of 5 stars,"Reviewed in India on May 21, 2019",Verified Purchase,"Lightening delivery, value for money and a reliable brand mixer is available at doorstep. Thanks to Amazon",
Partha,Very good product for this price,5.0 out of 5 stars,"Reviewed in India on November 2, 2017",Verified Purchase,Very good product for this price .i baught this product only rs1450.other wise bajaj gx 7 mixer grinder much more better.,
Technician,Fast delivery,5.0 out of 5 stars,"Reviewed in India on March 29, 2021",Verified Purchase,Best product from Bajaj,
SHAHJAD HUSSAIN,Nice product,5.0 out of 5 stars,"Reviewed in India on December 17, 2016",Verified Purchase,Maine 3 mixer mangwa chuka hu uske baad ye review de raha huVery nice and heavy duty mixer in this range but  product delivery packing is not good only company packed package  delivered no extra packing,One person found this helpful
Smita,About product,3.0 out of 5 stars,"Reviewed in India on July 30, 2019",Verified Purchase,"Everything is ok bt it's so noisy...just irritating noise otherwise it is good to use the small jar is nice gives fine product, but the juicer one not that much good.",
SURAJ JHA,Good product,4.0 out of 5 stars,"Reviewed in India on March 28, 2022",Verified Purchase,Good product,
Ajit Prakash,Noisy mixer,4.0 out of 5 stars,"Reviewed in India on May 23, 2021",Verified Purchase,Mixer is working fine but little bit noisy.,
sudip paul,"Nice grinder , works very neet or clean but noise so much harsher",5.0 out of 5 stars,"Reviewed in India on March 22, 2022",Verified Purchase,"Noise level is not so high but worthy or affordable in this time , no compromise with it go and buy",
wassim sayed,Doesn't grind,1.0 out of 5 stars,"Reviewed in India on November 13, 2021",Verified Purchase,"Takes time to grind.
The jars are of very low quality.
Has only 2 blades",
sunil shyamsukha,Good choice,5.0 out of 5 stars,"Reviewed in India on October 16, 2020",Verified Purchase,Good product as per bajaj brand,
R Singh,Highly satisfied ☺,5.0 out of 5 stars,"Reviewed in India on October 25, 2015",Verified Purchase,"#purchased it from local market in 1600/-
#as its name 'BAJAJ' nothing more to say
#doing its job from last 8yrs without any problem.",One person found this helpful
Tan,Locking system not great,3.0 out of 5 stars,"Reviewed in India on April 8, 2018",Verified Purchase,The locking system of the mixer isn't great. It's very difficult to remove the vessel from the base at times.,
Harry,Rex 600 watt is good option,3.0 out of 5 stars,"Reviewed in India on March 12, 2019",Verified Purchase,"Ok hai,,, but another model Rex 600 watt will be good option then this 500 watt",
😎👍,Packaging completely damaged and torn. Mixer jars not plastic wrapped. Product doesn't seem new.,4.0 out of 5 stars,"Reviewed in India on July 22, 2021",Verified Purchase,Packaging completely damaged and torn. Mixer jars not plastic wrapped. Product doesn't seem new.,
Prashanth Achar,Four Stars,4.0 out of 5 stars,"Reviewed in India on June 27, 2017",Verified Purchase,"good product by bajaj in very less price.. Nice power, very good in quality. Good one.",2 people found this helpful
Gyaltsen l.,Very nice,5.0 out of 5 stars,"Reviewed in India on June 13, 2019",Verified Purchase,"Good product, as expected from Amazon and Bajaj. Thanks to the seller",
Mamoni MAHATO,Amazing,5.0 out of 5 stars,"Reviewed in India on May 31, 2022",Verified Purchase,The grinder is amazing even i am using it till now without any service provided to it.,
Arbaz khan pathan,please buy mixture machine by bajaj amazon good work and sellar are good also what i think,5.0 out of 5 stars,"Reviewed in India on October 9, 2019",Verified Purchase,what i expected from Bajaj product brand are as well good is bajaj im okay with that,
Sonu sharma,Economical efficiency!,4.0 out of 5 stars,"Reviewed in India on July 8, 2015",Verified Purchase,"In today's time when best utilisation of a gadget is use to the fullest and throw,Bajaj Rex 500-watt mixer grinder with three jars is a very efficient and affordable option. It has added a freshness to my kitchen top at a price that's really easy on my pocket!!",
Pratima,Reliable product,5.0 out of 5 stars,"Reviewed in India on September 25, 2020",Verified Purchase,"Worth the money, only issue i found is that it is noisy.",
SUBHENDU GHOSH,Very good performance.,4.0 out of 5 stars,"Reviewed in India on August 12, 2018",Verified Purchase,In 500- watt mixer grinders this product of bajaj is very good. I'm satisfied of its performance.,
Bhagyashree,Good at kitchen...with bajaj trust,4.0 out of 5 stars,"Reviewed in India on November 24, 2014",Verified Purchase,Received before time. Nice product my mother n my wife liked it. Price worthy. Good at handling kitchen needs. No damage or duplicacy found. packing was efficient .,
Durgaraju,"Nice products, every can try it, affordable price",4.0 out of 5 stars,"Reviewed in India on July 7, 2021",Verified Purchase,"Mixer is good, it's almost 3months I am using, I didn't find any cons,

Nice super....",
Ankit Kumar ,Good product from Bajaj,5.0 out of 5 stars,"Reviewed in India on September 10, 2020",Verified Purchase,Product is good. You can buy it. The lock has some problem my wife feels as it get jammed.,
Rakesh Gupta,Ideal for small family,5.0 out of 5 stars,"Reviewed in India on October 28, 2020",Verified Purchase,Value for money.,
Mahantesh,Low quality product,1.0 out of 5 stars,"Reviewed in India on May 23, 2020",Verified Purchase,This product is very low quality and creates huge noise while running.,
Shivani More,Awesome,5.0 out of 5 stars,"Reviewed in India on October 19, 2016",Verified Purchase,Very good. It's been more than a month. Dint face an issue till now. All 3 jars work perfectly fine..and the delivery was also very quick,
Mohammad K.,Good,4.0 out of 5 stars,"Reviewed in India on March 4, 2021",Verified Purchase,Good,
rajesh,Nice product 👍,4.0 out of 5 stars,"Reviewed in India on September 29, 2020",Verified Purchase,"Good product, elegant design which makes it easy to use and clean.",
Amazon Customer,"Good , but large size jar is useless",5.0 out of 5 stars,"Reviewed in India on December 23, 2018",Verified Purchase,"I have been using it this for 6 days , there is no defect I found , I used it mostly to make milk shake in medium size jar , where large size jar is no useful at all .Thanks",
Ashutosh Srivastava,Excellent product,5.0 out of 5 stars,"Reviewed in India on June 12, 2020",Verified Purchase,Excellent product at this range. Noise level is low and easy to handle.,
Krishna Kumar,Decent product,4.0 out of 5 stars,"Reviewed in India on April 7, 2021",Verified Purchase,"Good product. Has been 3 months now, no issues yet.",
Chan,Clarifications reqd,3.0 out of 5 stars,"Reviewed in India on August 20, 2020",Verified Purchase,Not sure if it's a Genuine product.,
YANSH,Very poor quality and waste of money.,1.0 out of 5 stars,"Reviewed in India on August 7, 2019",Verified Purchase,Poor quality product. Exchanged once as product damaged and received a broken one second time aswell. But by the time I realised as I had not used it the exchange period was over by then.,
Himanshu bajpai,Bed poor never buy this product please please,2.0 out of 5 stars,"Reviewed in India on January 11, 2022",Verified Purchase,Noise lavel very high durabality bilkul bekar grinding itni bekar maine ise kyo kharida,
Pintu Das,Perfermence good.but too much noise.,5.0 out of 5 stars,"Reviewed in India on June 15, 2022",Verified Purchase,Like but i suggest that company should be thinking in coming product noise level much low.,
Somanna,Bajaj is awesome,5.0 out of 5 stars,"Reviewed in India on June 3, 2019",Verified Purchase,Super product. Not even a single issue. Light weight. Less space required,
Vedashree,It lockeds very very tightely,2.0 out of 5 stars,"Reviewed in India on October 5, 2021",Verified Purchase,It locks very tightly can't open alone.need some body to hold mixy and open the jar after operating,
Ratnakumari,Bajaj mixer,5.0 out of 5 stars,"Reviewed in India on May 16, 2020",Verified Purchase,Actually product is too good..but I want to exchange this product.i have ordered white.but my mother said that grey.after return this again I want to order grey color bajaj mixer,
Amazon Customer,Very disappointed.,2.0 out of 5 stars,"Reviewed in India on May 10, 2018",Verified Purchase,Doesn't grind well at all. It took 5 rounds to get water melon pulp. Also makes a lot of noise. Very disappointed.,2 people found this helpful
Utkarsh Fitness,Baja grinder,5.0 out of 5 stars,"Reviewed in India on September 18, 2020",Verified Purchase,Im using this product from 6 years ago there no any problem as you know about Bajaj product.,
Dr Barenya Misra,Mixer Grinder .,5.0 out of 5 stars,"Reviewed in India on December 6, 2020",Verified Purchase,Bajaj Rex Mixer Grinder use for kitchen . Still good working.,
Mustak Ali,"Excellent, value for money.",5.0 out of 5 stars,"Reviewed in India on November 6, 2019",Verified Purchase,Best product. Low noise level.. Easy to use & clean.. Best brand... I love Bajaj's product.,
Sachin Koli ...,Brokn lid cover,1.0 out of 5 stars,"Reviewed in India on July 25, 2021",Verified Purchase,Didn't use ghe the product since I received a broken lid cover with the grinder,
Raunak Agrawal,Over Night Delivery by Amazon and Well Powered Product.,5.0 out of 5 stars,"Reviewed in India on September 25, 2017",Verified Purchase,"Ordered the product yesterday at 9:10 pm and amazon delivered it today in the morning at 10:50 am. Superb Delivery Service.

The product is also very good and has power. It grinders super quick. In all Satisfied Customer.",2 people found this helpful
MONICA,Only noise issues.,3.0 out of 5 stars,"Reviewed in India on December 11, 2020",Verified Purchase,"Noise is very irritating and that too in a very High pitch. Going by performing , it's a product you can count on. Overall it's awesome excluding the noise it creates.",
sangeeta s.,Nice mixi for everyday use,4.0 out of 5 stars,"Reviewed in India on December 12, 2018",Verified Purchase,After using two months it is a good mixer grinder . It makes a very fine paste whether the material is dry or wet within seconds,
Nitin Pandey,Logo color mismstch,2.0 out of 5 stars,"Reviewed in India on June 22, 2020",Verified Purchase,Can't tell the authenticity as logo color not matching with regular Bajaj electricals logo.,
Alok Pandey,Best Product,4.0 out of 5 stars,"Reviewed in India on October 30, 2019",Verified Purchase,I have used this product then I write review. I suggest to everyone who want to purchase so this is one of the best product.,
Binay,Missing parts,1.0 out of 5 stars,"Reviewed in India on April 23, 2020",Verified Purchase,Contact me as soon as possible..I have received the product last month but today I have just opened the product(Bajaj rex 500 mixer). But the caps of the jars are missing inside the box.do the needful,
tinamisty,Simple and best,5.0 out of 5 stars,"Reviewed in India on April 19, 2021",Verified Purchase,"This is my 2nd purchase of this product for my 2nd home.

Works fantastic, no heating up, compact, light weight and easy to clean",
Ambuj,Bad product quality,1.0 out of 5 stars,"Reviewed in India on August 26, 2020",Verified Purchase,"Quality of product is bad ,quality of jars are not at par ,motor doesn't seems to be like 500 watt
Noise level is too much ,lock features are just ok",
msjunebug,Good product,4.0 out of 5 stars,"Reviewed in India on August 26, 2021",Verified Purchase,I liked using it ... Easy to use and still going on,
Om Prakash Singh,Rubber band is loose.,2.0 out of 5 stars,"Reviewed in India on August 12, 2021",Verified Purchase,Bad quality of jar rubber band. Request you to take the feedback and get better tight band.,
Devendra,ReceivedDamaged Product,1.0 out of 5 stars,"Reviewed in India on August 15, 2020",Verified Purchase,I recieved damaged product but return policies are satisfactory.,One person found this helpful
rakesh kumar,"Buy dude, don't think much",4.0 out of 5 stars,"Reviewed in India on July 31, 2019",Verified Purchase,Having 3 jar for multi  purpose.it really helpful in grinding,
M. K. Singh,Just ok ok. ~,3.0 out of 5 stars,"Reviewed in India on May 4, 2019",Verified Purchase,"This product is meant for light use and not for heavy use. Jars are not sturdy, noise level high.",
Sarang Jaiswal,Good product,5.0 out of 5 stars,"Reviewed in India on January 25, 2020",Verified Purchase,Good product value for money work as expected,
SK,Good 👍,5.0 out of 5 stars,"Reviewed in India on October 9, 2020",Verified Purchase,Really good product. It's been more than 1 year and still its like a new one.,
bala,Good,4.0 out of 5 stars,"Reviewed in India on September 5, 2020",Verified Purchase,"Good product.. But only thing is that, door delivery is not done.. Delivery boy asked us to come and get it in the main area which is far from my home..",
Subrahmanian Hariharan,Satisfied,5.0 out of 5 stars,"Reviewed in India on January 11, 2021",Verified Purchase,Powerful and good looking. Value for money.,
Navaneeth,Awesome,5.0 out of 5 stars,"Reviewed in India on October 12, 2020",Verified Purchase,Vero good one... Go for it,
ch subbareddy,Nice,5.0 out of 5 stars,"Reviewed in India on March 21, 2021",Verified Purchase,Nice,
varun,Affordable and effective,4.0 out of 5 stars,"Reviewed in India on January 27, 2019",Verified Purchase,So far so good. Pricing is very affordable and less according to the market price. After using the product for continuous 5 days I do not find any fault with it. Working real smooth and great value for money,
akshat,Faulty product delivered,1.0 out of 5 stars,"Reviewed in India on July 3, 2020",Verified Purchase,I ordered it from ur site and got the faulty machine it’s not working i ordered for a replacement let’s see what happens but I am totally unsatisfied  from Amazon for this product,
A Nayak,Up to the mark,4.0 out of 5 stars,"Reviewed in India on October 23, 2017",Verified Purchase,In low cost mixer and grinder this product is nice one . I have already used it for four months with a satisfactory result.,One person found this helpful
Soumik Mukherjee,What u pay is what u get.,3.0 out of 5 stars,"Reviewed in India on August 23, 2019",Verified Purchase,Noise level is too much. But for the price u cant expect a mercedes.,
Sarat Das,Very good product,4.0 out of 5 stars,"Reviewed in India on June 16, 2021",Verified Purchase,"In this price, this is the best product from bajaj. Noise lev very perfect.. everything good..but not for long time work.",
ANUJ BOSE,Wonderful product,5.0 out of 5 stars,"Reviewed in India on October 3, 2020",Verified Purchase,Wonderful product and budgeted also,
Janardhan,Absolutely trash,1.0 out of 5 stars,"Reviewed in India on February 9, 2018",Verified Purchase,"Absolutely waste and trash. Amazon return policy is good. We should return by 10 days from the delivery date. But, this product (jars) start damaging from 11th day. Useless product.",2 people found this helpful
mukund ray,Not happy of this type bajaj product,2.0 out of 5 stars,"Reviewed in India on June 3, 2022",Verified Purchase,Video Player is loading.,
Amazon Customer,Not satisfied with product,2.0 out of 5 stars,"Reviewed in India on July 30, 2020",Verified Purchase,The plastic parts are quite flimsy....,
Ajay kumar,Excellent.,4.0 out of 5 stars,"Reviewed in India on December 24, 2017",Verified Purchase,Amazing product from Bajaj. Works very good and fair sound while grinding.,2 people found this helpful
Dr Rishi,Have to throw in garbage,1.0 out of 5 stars,"Reviewed in India on February 21, 2020",Verified Purchase,"Motor got burnt even after careful use, gradually smell of burnt parts started coming and within few weeks sparking was noticed.",
Pooja Rajpoot,Satisfied,5.0 out of 5 stars,"Reviewed in India on November 21, 2019",Verified Purchase,M satisfied. Itz good in quality with less noise n easy to use. Recommended for average budget also.,
Sqsrocks,Best in the category!!!,5.0 out of 5 stars,"Reviewed in India on October 11, 2019",Verified Purchase,Best mixer grinder for daily use for a small family.,
VENGATESAN,Good mixer,4.0 out of 5 stars,"Reviewed in India on March 18, 2021",Verified Purchase,Good one .,
Bhavik Kothari,Good product for daily usage at home,4.0 out of 5 stars,"Reviewed in India on July 20, 2016",Verified Purchase,"Pros:
The Product is good enough to use based on my daily home needs.
Though the delivery from Amazon was somewhat late,but happy with the product received.

Cons:
The Motor is too noisy",
itssabya,Good Product Received,5.0 out of 5 stars,"Reviewed in India on July 4, 2019",Verified Purchase,"Works perfectly as i used for that very first time, Quite Good!",
Ankit Mishra,Class product,4.0 out of 5 stars,"Reviewed in India on October 15, 2019",Verified Purchase,Without any hesitation just go for it no need to worry about quality bajaj at its best.,
HIMANSHU PATEL,great product this range.,4.0 out of 5 stars,"Reviewed in India on August 26, 2020",Verified Purchase,"I got this product on Rs.1895.
noice level little bit high campair to other mixture.
deal great as of price range 👍",
bhargav ram,Not a Good Product. Avoid Buying,2.0 out of 5 stars,"Reviewed in India on October 1, 2016",Verified Purchase,Its not a good product. Makes too much noise and does not even crush bananas properly even after 15-20 mins of operation.,2 people found this helpful
Riju deka,Also it is not very expensivle than others,1.0 out of 5 stars,"Reviewed in India on July 8, 2021",Verified Purchase,"Till now, the item is working good now. And I liked the mixer grinder. It works in a efficient mode. So all aspect it is best.",
Kashif,Good product,4.0 out of 5 stars,"Reviewed in India on August 28, 2019",Verified Purchase,Product is good but it will take long time to process the content.,
RANJANSAUMYA ,S,1.0 out of 5 stars,"Reviewed in India on October 11, 2021",Verified Purchase,Poor delivery and packaging.worth less products,One person found this helpful
Faisal Ansari,original product,4.0 out of 5 stars,"Reviewed in India on May 31, 2020",Verified Purchase,When you get original product it work properly,
JP School,Not good,3.0 out of 5 stars,"Reviewed in India on May 14, 2021",Verified Purchase,Very high noise product,
Ravi Raj #rrskinG,Wonderful 💯,5.0 out of 5 stars,"Reviewed in India on September 15, 2021",Verified Purchase,Wonderful 💯mixer,
Sohini Roy,Very nice product,5.0 out of 5 stars,"Reviewed in India on November 15, 2021",Verified Purchase,I get this product on diwali sale..very affordable and good quality product...My mother likes it....❤❤👌👌,
Vijay Dhande,Good Mixer,4.0 out of 5 stars,"Reviewed in India on January 8, 2022",Verified Purchase,Noice is very high as not good...rest is fine with grinder mixer work look good in quality,
Syeda Amreen,It's broken very disappoint with product...😡,2.0 out of 5 stars,"Reviewed in India on April 12, 2022",Verified Purchase,It's broken very disappoint with product...😡 didn't expected this...,
Priya Ranjan deb,Overall good product,4.0 out of 5 stars,"Reviewed in India on October 22, 2017",Verified Purchase,"Good build quality, compact design, no vibration during operation.
Solid lids so can't see through while operating,
expected noise(not too much)",One person found this helpful
Amazon Customer,Worth it,5.0 out of 5 stars,"Reviewed in India on November 5, 2020",Verified Purchase,Value for money is on point,
Kailash Chandra Pradhan ,Duplicate item,1.0 out of 5 stars,"Reviewed in India on October 24, 2020",Verified Purchase,"It's not original product comper what are mention on amazon site ,the logo is not available and the delivery another duplicate product so I returne it.",
Amazon Customer,Worth for money,5.0 out of 5 stars,"Reviewed in India on November 14, 2019",Verified Purchase,"Reviewing after 3 years, working fine till today. only noise is concern other than that all fine. perfect for small families and bachelors.",
Retheesh Kumar,Don't buy if don't have enough time,1.0 out of 5 stars,"Reviewed in India on March 10, 2018",Verified Purchase,If u don't have enough time to spend grinding Don't buy this product. Bcz it need twice times rather than normal grinding,One person found this helpful
AL PACHINO,Nice bajaj,5.0 out of 5 stars,"Reviewed in India on June 26, 2021",Verified Purchase,"Nice product
Thankyou bajaj
Thankyou amazon",
Kunal,Very bad quality switch,1.0 out of 5 stars,"Reviewed in India on January 1, 2022",Verified Purchase,Video Player is loading.,
ಹರಿ,ಅರ್ದ ಜಾರ್ ಚಟ್ಟನಿ ರುಬ್ಬಕ್ಕೆ 5 ಸಾರಿ ಆಫ್ ಆಗುತ್ತೆ,1.0 out of 5 stars,"Reviewed in India on June 7, 2021",Verified Purchase,ಸರಿ ಇಲ್ಲ ಯಾರು ತಾಗೊಬೇಡಿ ಅರ್ದ ಜಾರ್ ಚೇಟನ್ನಿ ರುಬ್ಬೋಕ್ಕೆ 5 ಸಾರಿ ಆಫ್ ಆಗುತ್ತೆ,One person found this helpful
Dr. A.,Good n trusted,4.0 out of 5 stars,"Reviewed in India on September 18, 2020",Verified Purchase,Good n trusted,
Anwar,Working fine,5.0 out of 5 stars,"Reviewed in India on October 4, 2018",Verified Purchase,I gifted it to my sister. She is using this mixer and very happy. No problem till now,
Amazon Customer,Recommended,4.0 out of 5 stars,"Reviewed in India on November 5, 2018",Verified Purchase,The bigchutney jar not working. The rubber at the bottom for holding on has come off.otherwise good product.,
Dibyendu c.,Good,4.0 out of 5 stars,"Reviewed in India on September 17, 2021",Verified Purchase,Good product..noise little bit high..awasome amazon service,
Kamrunissa R. A. Ghorie ,Good,4.0 out of 5 stars,"Reviewed in India on September 14, 2020",Verified Purchase,Very good except for the noise,
Lianzuala,Value for money.,5.0 out of 5 stars,"Reviewed in India on May 24, 2020",Verified Purchase,Still working perfectly after 15 months.,
Varsha V.,Unregretable product; worthy,5.0 out of 5 stars,"Reviewed in India on March 10, 2021",Verified Purchase,Excellent product,
C.A Shopper,Five Star Product,5.0 out of 5 stars,"Reviewed in India on October 8, 2019",Verified Purchase,"Best offer price, excellent quality & well designed",
Ashit Jain,Parts got detached.,1.0 out of 5 stars,"Reviewed in India on May 8, 2021",Verified Purchase,Mixy not working properly. One of the parts got detached from medium sized jar when used. Very less used. Pls help,
PRATHAP,Bajaj mixie,5.0 out of 5 stars,"Reviewed in India on January 17, 2019",Verified Purchase,"Its working fine however, noise is more when compared to Philips or panasonix",
Manthan Rajendra Bhavsar,Go for it.,5.0 out of 5 stars,"Reviewed in India on September 22, 2019",Verified Purchase,I bought this product 2 yrs back. Its late post. This product still haven't given me any issue. Working perfectly fine till date.,
NITHISH,Good product .cheap price,5.0 out of 5 stars,"Reviewed in India on November 8, 2020",Verified Purchase,Good product..cheap price,
Rishi,Value for money,5.0 out of 5 stars,"Reviewed in India on October 10, 2020",Verified Purchase,Good one,
amol,Good household product,4.0 out of 5 stars,"Reviewed in India on September 6, 2019",Verified Purchase,Over all a good pocket friendly product. Drawback is its noisy.,
Grace patra,Good,4.0 out of 5 stars,"Reviewed in India on July 8, 2021",Verified Purchase,Good product would have been better if it had transparent cap,
Jaggu,Over heat,3.0 out of 5 stars,"Reviewed in India on June 9, 2021",Verified Purchase,Over heat,
Himanshu,Noisy boy,3.0 out of 5 stars,"Reviewed in India on August 25, 2020",Verified Purchase,Too much noise,
Amit,Fake product received,1.0 out of 5 stars,"Reviewed in India on November 7, 2020",Verified Purchase,The product wasn't original. BAJAJ REX 500 logo was missing in the machine and the presenting Bajaj logo seems fake. Very disappointed with Amazon.,
Ashish Y.,Satisfied,4.0 out of 5 stars,"Reviewed in India on July 22, 2020",Verified Purchase,"Happy with the purchase, been using this since more than a year. Bajaj can always be trusted.",
pravu singh,Not good.,1.0 out of 5 stars,"Reviewed in India on July 29, 2021",Verified Purchase,"Very very bad,
Pls return my money, I'm not satisfied from your product delivery, I don't want this type of product quality.",
X64,Poor quality jars,2.0 out of 5 stars,"Reviewed in India on November 23, 2015",Verified Purchase,"Too much noisy, Poor quality jars.
Watery substances while mixing, will be spilled out by the time it take the 2nd gear.
Poor product from Bajaj.
Given 1 extra star for Amazon's timely delivery and good service.",
Rajesh_Kushwaha,Good product,5.0 out of 5 stars,"Reviewed in India on July 22, 2019",Verified Purchase,Buying second time. Small and sufficient for day to day use,
A~Z Tech™,Good for light use,5.0 out of 5 stars,"Reviewed in India on January 31, 2018",Verified Purchase,Mixer is very good for light day to day use. Got it in a deal for 1700 bucks. Happy from this purchase.,
Customer ,For occasional use,3.0 out of 5 stars,"Reviewed in India on November 11, 2019",Verified Purchase,Not great but will do for my occasional usage.,
Amazon Customer,Pls Don't buy,1.0 out of 5 stars,"Reviewed in India on September 4, 2018",Verified Purchase,"Returned the product, low quality, dnt expect this from a Bajaj product",One person found this helpful
prasenjit,Very good product.....,5.0 out of 5 stars,"Reviewed in India on February 12, 2017",Verified Purchase,Superb mixer & grinder of Bajaj company but sound is little more and otherwise good product....And also Amazon delivery is very very good.....,One person found this helpful
Manisha bisht,Terrible product from Bajaj,1.0 out of 5 stars,"Reviewed in India on April 20, 2022",Verified Purchase,Just after one month of usage,
KVR,expectation,3.0 out of 5 stars,"Reviewed in India on January 18, 2020",Verified Purchase,online It said 750 watt but what is delivered is 500 watt.,
Ayush Chamaria,Value for Money,5.0 out of 5 stars,"Reviewed in India on May 2, 2021",Verified Purchase,Excellent product - Highly satisfied,
Poornima,good for those who need a compact yet good performer,5.0 out of 5 stars,"Reviewed in India on November 22, 2017",Verified Purchase,Small but powerful ! U can even make dosa batters n stuff... good for those who need a compact yet good performer,
Yogesh Pawar,I will recomend to buy this product from shop,3.0 out of 5 stars,"Reviewed in India on November 13, 2020",Verified Purchase,Good but price is high more then regular shop,
Subra Sanku Ghosh,My using experience,5.0 out of 5 stars,"Reviewed in India on October 28, 2018",Verified Purchase,Product quality so good.but the pakageing box mostly small.please improve the box,
Sawan Gokarn Gade,Bad product,1.0 out of 5 stars,"Reviewed in India on February 20, 2022",Verified Purchase,As per given specification product is a very worst,
Joseph Thottan,Don't buy the product,1.0 out of 5 stars,"Reviewed in India on March 11, 2019",Verified Purchase,Ultimate waste product.. The entire motor setup became like leaning tower of Pisa after multiple use... brackets used is very low quality and broke of in the 2nd usage....once the product recieved there was noise.Made a blunder buying this product,
SAFIQ ULLAH,Good,4.0 out of 5 stars,"Reviewed in India on October 31, 2020",Verified Purchase,Nice,
Nirosha Arun,Noise is too much,5.0 out of 5 stars,"Reviewed in India on September 2, 2020",Verified Purchase,"Its light weight mixcy, overall its superb but  noise is little high",
Imran,Product is good but a bit coastly,4.0 out of 5 stars,"Reviewed in India on June 24, 2020",Verified Purchase,Good product but wait for price down.,
Guru,Good,5.0 out of 5 stars,"Reviewed in India on May 31, 2020",Verified Purchase,Bought it for gifting.,
Rohit chakraborty,Product doesn't have original logo.,1.0 out of 5 stars,"Reviewed in India on October 19, 2020",Verified Purchase,There's no original logo on the product. Not convinced if it's the original one. Returned it.,
Eddie G.,Inadequate Power,3.0 out of 5 stars,"Reviewed in India on July 21, 2021",Verified Purchase,This 500watt mixee is not powerful enough.Frequent tripping for ďhòsa batter.Can I get it exchanged for a750 watts Bajaj mixee.,
Sumit Kr. Mukherjee,Nice product,4.0 out of 5 stars,"Reviewed in India on September 20, 2020",Verified Purchase,Good product at a reasonable price. Performance is fine but the noise level is a bit high.,
naveen,waste of money,1.0 out of 5 stars,"Reviewed in India on July 30, 2020",Verified Purchase,Though this mixer grinder available at affordable price quality and usability poorer than the money you pay. Mixer wont grind unless you mix the stuff manually.,
Amazon Customer,third quality products,1.0 out of 5 stars,"Reviewed in India on August 1, 2021",Verified Purchase,very 3rd quality product ...,One person found this helpful
Mr. Chandan Dey,Very good,5.0 out of 5 stars,"Reviewed in India on October 24, 2019",Verified Purchase,Good for this price . I get it 950 .  . I use it for 2 years. its good till now,
Simranjeet Kaur,Wonderful✨😍,5.0 out of 5 stars,"Reviewed in India on December 11, 2020",Verified Purchase,Awesome product... Its been a while using this product.. Making chutney has become so easy. I am in love with this product.,
vishwajit Singh,A,4.0 out of 5 stars,"Reviewed in India on August 24, 2021",Verified Purchase,A,
Chandrani Chatterjee,It's a must buy,5.0 out of 5 stars,"Reviewed in India on June 10, 2018",Verified Purchase,I am using it for a month now and it's absolutely amazing product.a must have for your household,
Bhanu Kiran,Product is strictly average,2.0 out of 5 stars,"Reviewed in India on August 22, 2016",Verified Purchase,Makes a lot of noise. Juicer jar does not work properly. Cut fruit pieces stay as they are even after 2 minute grinding! Not much satisfied with juicer jar. Rest two jars are fine.,
Ameet Multani,The jar lid is loose and no one came to pick up the item till today it's been more than 4 days now,1.0 out of 5 stars,"Reviewed in India on January 15, 2022",Verified Purchase,The jar lid is loose and I requested for return of the item and till today no one has come to collect,
Amazon Customer,It's not working properly,1.0 out of 5 stars,"Reviewed in India on June 5, 2022",Verified Purchase,I dislike this because not a good product and not working properly kindly replace,
Kumail Abbas,Price worth,5.0 out of 5 stars,"Reviewed in India on July 9, 2021",Verified Purchase,I am using it from last 9 months and it is still functioning good.,
Amazon Customer,Good Product at this price,5.0 out of 5 stars,"Reviewed in India on July 22, 2019",Verified Purchase,Cons: The jars feels very light. Cheap quality steel used. Very loud noise.,
Amazon Customer,All my expectations went for a toss.,2.0 out of 5 stars,"Reviewed in India on November 5, 2021",Verified Purchase,"Actually I received a broken lid, and I had to return it.",
Savio Dsouza,Burnt within 4 months,3.0 out of 5 stars,"Reviewed in India on April 5, 2020",Verified Purchase,"Less than 4 months the mixer is giving out smoke out of the unit and is burnt from inside.
Was working all fine. Can't recommend it as I am really unhappy now.",
Kiran Prakash,Three Stars,3.0 out of 5 stars,"Reviewed in India on June 11, 2017",Verified Purchase,Mixer works well bUt the grinder jar is bot good atall... not grinding properly.,2 people found this helpful
Chander Srivastava,Good mixer,5.0 out of 5 stars,"Reviewed in India on January 10, 2021",Verified Purchase,A very good and economical product. Easy to use.,
R A,Disappointing,3.0 out of 5 stars,"Reviewed in India on December 20, 2020",Verified Purchase,"Gets heated very fast, not so good as expected, the grinding also not so good and smells like burning wires. pretty disappointed.",
Amazon Customer,Best in business,5.0 out of 5 stars,"Reviewed in India on November 30, 2021",Verified Purchase,Sufficient for small family and easy to use with sufficient power.,
Argus Waikhom,Waste of money,1.0 out of 5 stars,"Reviewed in India on July 7, 2022",Verified Purchase,Doesn't grind properly and it stopped working just after a week.,
Uday,Mixer is excellent and easy to work,5.0 out of 5 stars,"Reviewed in India on January 2, 2022",Verified Purchase,Mixer is excellent and easy to work,
indar singh,Very nice product,5.0 out of 5 stars,"Reviewed in India on December 1, 2020",Verified Purchase,Nice product,
Macky,Can't even make banana shake 😡,1.0 out of 5 stars,"Reviewed in India on June 18, 2021",Verified Purchase,Not good,One person found this helpful
Maiyra ehsan,Wrost,1.0 out of 5 stars,"Reviewed in India on May 24, 2020",Verified Purchase,"Amazon always disappointed me..
whatever I have purchase I received damage or worst quality product..
Return it on 20 may & still I didn't get any notification regarding refund",
Amazon Customer,Duplicate product,1.0 out of 5 stars,"Reviewed in India on May 26, 2021",Verified Purchase,"This is a duplicate product, because model name not showing in this product.",
Anita,Nice product,5.0 out of 5 stars,"Reviewed in India on July 16, 2022",Verified Purchase,"Everyone can purchase this product
It's really very nice product 🙂",
komal pandita,nice product,5.0 out of 5 stars,"Reviewed in India on July 8, 2021",Verified Purchase,it was really nice 🙂,
Shubham sharma,🔥🔥,5.0 out of 5 stars,"Reviewed in India on October 27, 2020",Verified Purchase,👍👍,
RIJIN M P,Quality product,4.0 out of 5 stars,"Reviewed in India on July 26, 2020",Verified Purchase,Quality product with economical price . Sure buy,
Amazon Customer,Not very efficient,2.0 out of 5 stars,"Reviewed in India on July 19, 2020",Verified Purchase,Not very efficient . Mixing does not happen properly . My old mixer was way better than this. very much disappointed,
Satish valavala,Its making loud noise,3.0 out of 5 stars,"Reviewed in India on June 19, 2019",Verified Purchase,"Its making loud noise, otherwise the product is good, overall the quality was not so far I expected",
Amazon Customer,Worst,1.0 out of 5 stars,"Reviewed in India on May 19, 2021",Verified Purchase,"Not a good quality one.
Jar stick to the mixer when heated",
Gurpriya Bhatia,Great for the price.,5.0 out of 5 stars,"Reviewed in India on April 29, 2019",Verified Purchase,Easy to use and clean. Does its job well. Even the house help can operate it convenient. It's a value for money deal.,
Devender Dutt Upadhyay,Its noise makes the ear tear...,1.0 out of 5 stars,"Reviewed in India on August 31, 2020",Verified Purchase,"It is very noisy, its grinder is very small, I was not even billed for it… !!!",
Amol Nakashe,Bajaj a trustworthy electrical brand,4.0 out of 5 stars,"Reviewed in India on November 11, 2018",Verified Purchase,"Its a good product by bajaj as always. Easy to clean. Grinds very fine. Just the fact that once while i was grinding smoke came out of it.. then i had to turn it off i was afraid but next time i started it, it worked as usual",
Arghya,Good,4.0 out of 5 stars,"Reviewed in India on December 31, 2020",Verified Purchase,Overall good,
Laxmikant Medhe,Very bad,1.0 out of 5 stars,"Reviewed in India on January 6, 2022",Verified Purchase,Mixing major problem,
Nongthombam Jyotin Singh,Excellent,5.0 out of 5 stars,"Reviewed in India on October 23, 2018",Verified Purchase,Excellent but use to make more sound as I believe all Mixer Grinder make the same noise,
Bharat Dixit,Bigger jar is not working & switch is dismantled automatically in just few weeks,1.0 out of 5 stars,"Reviewed in India on July 2, 2020",Verified Purchase,"Worst product, bigger jar is not working & switch is dismantled automatically in just few weeks",One person found this helpful
Sourav Kundu,Good product,5.0 out of 5 stars,"Reviewed in India on May 22, 2021",Verified Purchase,Basic but sturdy and works as required.,
Akshay,Value for money,3.0 out of 5 stars,"Reviewed in India on November 7, 2018",Verified Purchase,The Jar of this mixer is very small. Working noise is much louder. Over all quality and performance is good,
Sumegh,Got damaged in 10 monts,1.0 out of 5 stars,"Reviewed in India on October 20, 2020",Verified Purchase,Got damaged in 10 months. Not working,
Abhishek Kumar,Amazing,5.0 out of 5 stars,"Reviewed in India on April 9, 2019",Verified Purchase,Very easy to use and  and clean has bene very reliable till date got no issues yet,
Amazon Customer,Spatula missing,4.0 out of 5 stars,"Reviewed in India on February 7, 2021",Verified Purchase,Spatula is missing in the box and chutney jar has dent on curve,
Sarang Dewal,Do not buy it,1.0 out of 5 stars,"Reviewed in India on August 22, 2020",Verified Purchase,Third class product. Blades had come out in the first month itself. Burning like smell started coming out from day one of use.,
Santanu Choudhuri,Good value for money,4.0 out of 5 stars,"Reviewed in India on August 6, 2021",Verified Purchase,Value,
ShanSand,Not a bad product,4.0 out of 5 stars,"Reviewed in India on June 12, 2019",Verified Purchase,"Ok with the price. But, material quality can be imporved",
KD,Good,4.0 out of 5 stars,"Reviewed in India on October 9, 2020",Verified Purchase,Good,
Smrity,Yes it makes noise but i got good review from ppl who are using it as far ...,4.0 out of 5 stars,"Reviewed in India on July 13, 2017",Verified Purchase,Yes it makes noise but i got good review from ppl who are using it as far as functionality is concerned. Using it since 1 week...working good,
Manisha Gole,Efficient and value for money,5.0 out of 5 stars,"Reviewed in India on February 7, 2020",Verified Purchase,Awesome product and delivery is good,
SUBHAYAN,ONE OF THE GOOD PRODUCT.... & ALSO USEFULL....,5.0 out of 5 stars,"Reviewed in India on May 28, 2015",Verified Purchase,ONE OF THE BEST PRODUCT.... I USED IT.... VERY GOOD PRODUCT THAN OTHERS MIXY.... IT WAS SAVE MY TIME.... NICE PRODUCT.... YOU CAN USE IT....,
Atul Verma,Budget product,4.0 out of 5 stars,"Reviewed in India on October 1, 2020",Verified Purchase,Very nice product in this price segment.,
RAJESH SORAM,Recieved broken product. Returned at once. Not fault of delivery box was ok,1.0 out of 5 stars,"Reviewed in India on October 28, 2021",Verified Purchase,,
Someswarkumar19,Good product,5.0 out of 5 stars,"Reviewed in India on December 23, 2020",Verified Purchase,Nice working,
Sanket,Excellent product,5.0 out of 5 stars,"Reviewed in India on December 5, 2019",Verified Purchase,"Excellent product , best in this price",
Ashwani kumar,अच्छा है,5.0 out of 5 stars,"Reviewed in India on June 22, 2022",Verified Purchase,बढ़िया,
krishnendu banerjee,Issue is negligible anyone can proceed with this product.,4.0 out of 5 stars,"Reviewed in India on October 17, 2019",Verified Purchase,One container is slightly defective otherwise herbal product is good and anyone can purchase it I recommend that one. The issue is negligible so anyone can go ahead with it.,
Deepak M.,Good product 👍,5.0 out of 5 stars,"Reviewed in India on March 20, 2022",Verified Purchase,Good product 👍,
Vikash,Good and affordable,5.0 out of 5 stars,"Reviewed in India on May 9, 2021",Verified Purchase,Trust worthy product from bajaj as usual.,
arnab mukherjee,Four Stars,4.0 out of 5 stars,"Reviewed in India on October 6, 2017",Verified Purchase,good performance. can be judged perfectly after 1 year of use. delivery was perfect,One person found this helpful
Neel Priyam,Great Product,5.0 out of 5 stars,"Reviewed in India on May 13, 2017",Verified Purchase,"Except the loud noise, the product totally falls above expectations. Very powerful and quality grinding. 5 stars! Go for it.",
Dipa Moni,Superb,5.0 out of 5 stars,"Reviewed in India on August 25, 2020",Verified Purchase,Always best. No complain at all. Superb blades.,
Vikas gupta,WASTE OF MONEY,1.0 out of 5 stars,"Reviewed in India on November 26, 2019",Verified Purchase,"too noisy, not a easy task to clean inside blade, you can go for other brands like sujata etc",
Amazon Customer,Nice one,5.0 out of 5 stars,"Reviewed in India on September 21, 2019",Verified Purchase,Very good product at this price range.Just go for it.,
Harish Singh,Nice product,3.0 out of 5 stars,"Reviewed in India on January 12, 2022",Verified Purchase,Nice product,
Amazon Customer,Satisfactory purchase,5.0 out of 5 stars,"Reviewed in India on August 22, 2019",Verified Purchase,"Noise level: Bearable. It’s a mixer grinder, duh!

Ease of clean : Very easy to clean. Easier than picking your nose.

Ease of use: Very easy to use. Easier than your smartphone.",
SUSHIL KUMAR,overall good product.,4.0 out of 5 stars,"Reviewed in India on May 9, 2018",Verified Purchase,"I am writing this review after using since 8 months, its good product by bajaj, i got this 1700/- only, value for money product.. overall good.",
Harsh Dixit,Nice 1,5.0 out of 5 stars,"Reviewed in India on August 23, 2019",Verified Purchase,Nice product for all your daily needs of kitchen,
Dhanshree Shailesh Naik,Nice product,5.0 out of 5 stars,"Reviewed in India on November 18, 2020",Verified Purchase,Nice 👍,
Nema ram Soni,Vv. Good,5.0 out of 5 stars,"Reviewed in India on November 30, 2021",Verified Purchase,Vv good,
ViRuS Samriya,Good Product,4.0 out of 5 stars,"Reviewed in India on August 11, 2019",Verified Purchase,"After months of used I'm giving this review
Product is very good
Powerful motor
But I gave only 4 star Bcoz Jar blades quality poor",
santi,Jar blade opener is missing..,1.0 out of 5 stars,"Reviewed in India on July 4, 2022",Verified Purchase,Jar blade opener is missing and it need to use it ..,
Munshi maurya,Smart,5.0 out of 5 stars,"Reviewed in India on September 17, 2021",Verified Purchase,Super 💞 all the best,
Sacchidananda,Poor functioning,1.0 out of 5 stars,"Reviewed in India on August 19, 2020",Verified Purchase,"Doesn't do the job.
Grinding is not good. Unfinished stuff is left.",
Abhi😊😊,Not as much my expectation,3.0 out of 5 stars,"Reviewed in India on March 4, 2019",Verified Purchase,Quantity us not much I expected..blades are not sharp enough.. very much time it taking for grinding and all..,
Naveen | Genuine Reviewer 🛡️,Worth buy,5.0 out of 5 stars,"Reviewed in India on May 10, 2020",Verified Purchase,"No loud noise
Fit for any Kitchen because it is in white color
good Materiel",
madhu111,Wrost product,1.0 out of 5 stars,"Reviewed in India on May 30, 2022",Verified Purchase,The mixer stopped working on third day itself. Please dont buy this product.,
janpriya singh,Jars blades must be good like sharp and heavy,4.0 out of 5 stars,"Reviewed in India on September 21, 2019",Verified Purchase,Blades are not of good quality...these are vrry light and looks cheap.,
Santosh Bhatt,Amazon is always best,5.0 out of 5 stars,"Reviewed in India on August 26, 2017",Verified Purchase,"Awesome product and awesome service.
Exactly same as shown here, air tight lids, and regarding noise its ok. Thank u amazon walo",One person found this helpful
shreshtha mishra,Great buy,5.0 out of 5 stars,"Reviewed in India on May 2, 2019",Verified Purchase,"Low on noise, easy to use, easy to clean, light weight and sturdy.",
Sumit Rastogi,Not so good,2.0 out of 5 stars,"Reviewed in India on July 12, 2017",Verified Purchase,"Not a very good product to buy, the biggest jar got very small blades inside it that mixes unappropiately n leaves sometimes unmixed likes particles in shakes etc. Would not recommend not buy.",One person found this helpful
Karagani Satyanarayana,Check and take a item,1.0 out of 5 stars,"Reviewed in India on February 7, 2021",Verified Purchase,"Not to be needed any more
Too much noise electric shock not grinding
I chose return/refund option on Jan 20
Till now no response",
Pradeep Mishra,Great with Worst packing,5.0 out of 5 stars,"Reviewed in India on April 15, 2021",Verified Purchase,Great material but packing was not so good and there was no Amazon mentioned over the packing cover anywhere.,
Pradeep singh bisht,No work properly,3.0 out of 5 stars,"Reviewed in India on February 18, 2022",Verified Purchase,Long time start  heavy. Noise we can't start long time suddenly off mixer,
SABYASACHI,Go bro go,5.0 out of 5 stars,"Reviewed in India on October 7, 2020",Verified Purchase,Go for it,
Kristopher,Good capacity mixiy,5.0 out of 5 stars,"Reviewed in India on November 15, 2018",Verified Purchase,Working very good . I have like the item condition we are using more hardly.,
Ramesh Patil,Bad product,2.0 out of 5 stars,"Reviewed in India on August 10, 2021",Verified Purchase,Not so good.Doesnt go with the brand name. Price high comparatively.,
Pramit Mitra,Good Product,3.0 out of 5 stars,"Reviewed in India on May 17, 2021",Verified Purchase,Good Product...,
Satyaki Mitra,Good appliance,4.0 out of 5 stars,"Reviewed in India on November 16, 2018",Verified Purchase,My mum has been using it for the past one month and hasn't had any issues so far.,
Akash Das,Very nic,4.0 out of 5 stars,"Reviewed in India on April 25, 2019",Verified Purchase,Very good quality product and easy to use or cleaning...,
RAJEEV RANJAN,Easy to use and set up well,4.0 out of 5 stars,"Reviewed in India on June 28, 2021",Verified Purchase,Best in budget. But packaging is not good.,
Rajendra Singh Shaktawat,Fastest growing,5.0 out of 5 stars,"Reviewed in India on March 20, 2022",Verified Purchase,Love this one,
Yanot Tsanglo,Good sturdy product. Go for it,5.0 out of 5 stars,"Reviewed in India on June 19, 2020",Verified Purchase,Very sturdy product with firm locking and firm lids. The noise level is high but ok. Cleaning is also easy.,
rajesh kumar,Worth purchase...,5.0 out of 5 stars,"Reviewed in India on December 29, 2019",Verified Purchase,"After using 2 months i am reviewing. Noise level is moderate, working fine, easy to use.
It's comes with 500watt. You can clean so easily.",
Kuldeep Singh Shaktawat,Too Much Noise,4.0 out of 5 stars,"Reviewed in India on June 23, 2022",Verified Purchase,"Too Much Noise, Otherwise good product in this price range",
annapurna kumari,Bajaj rex 500,4.0 out of 5 stars,"Reviewed in India on July 10, 2019",Verified Purchase,It is good product at this price but the noise level is too high,
DHIRAJ NATH,Not bad,4.0 out of 5 stars,"Reviewed in India on July 9, 2022",Verified Purchase,Not bad,
Amazon Customer,Look like duplicate product.,3.0 out of 5 stars,"Reviewed in India on August 12, 2021",Verified Purchase,Too much noise,
M.sirisha,Best product to buy,4.0 out of 5 stars,"Reviewed in India on June 18, 2021",Verified Purchase,"Easy to use, clean",
Lalji halai,Average,1.0 out of 5 stars,"Reviewed in India on January 3, 2021",Verified Purchase,"Hello Seller,
Mixer jug is jammed and cannot able to remove. Please send someone to fix the issue asap.
Thanks",
Kamlesh Singh ,Value for money,5.0 out of 5 stars,"Reviewed in India on June 16, 2021",Verified Purchase,I'm happy,
Prabath EL,Loving it,5.0 out of 5 stars,"Reviewed in India on November 30, 2020",Verified Purchase,Best quality at this price highly recommendble,
kiran,Works Well. Satisfied,4.0 out of 5 stars,"Reviewed in India on March 25, 2019",Verified Purchase,"Nice mixer. Works well. grinds the spices,onions,garlics,tomatoes, almost every vegetable easily.Good for making banana shake. Compact design. Easy to handle. Light weighted.",
Amazon Customer,Difficult to clean,3.0 out of 5 stars,"Reviewed in India on June 28, 2021",Verified Purchase,"Difficult to clean the blades, one of the jars actually grew fungus on it.",
sumit,i will give you 5/5 bcz product is very easy to cleaning,5.0 out of 5 stars,"Reviewed in India on December 8, 2016",Verified Purchase,"i will give you 5/5 bcz product is very easy to cleaning ,easy to use and very fine quality of all kind of granding and juice.",
Kunwar Aditya Pratap Singh,Must buy.,5.0 out of 5 stars,"Reviewed in India on October 31, 2018",Verified Purchase,"It's amazing. It looks small but it works perfectly. I've used it continuously 2h and no effect is there. You can use it for most of the products you want to mix, grinde etc.
as I've experienced",
Deepesh Kunwar Lal,Very good,5.0 out of 5 stars,"Reviewed in India on October 23, 2020",Verified Purchase,Very good,
SANTOSH KUMAR,this product very bad,1.0 out of 5 stars,"Reviewed in India on December 12, 2021",Verified Purchase,Video Player is loading.,
kavy Saxena,Good product,5.0 out of 5 stars,"Reviewed in India on June 24, 2020",Verified Purchase,Bajaj has always been trustworthy. Easy to handle. Amazing product in the range.,
Narayan Chandra Das,Great,5.0 out of 5 stars,"Reviewed in India on August 22, 2020",Verified Purchase,Great,
Dr  Zeenat Carmally,A good product,5.0 out of 5 stars,"Reviewed in India on September 5, 2019",Verified Purchase,Easy to clean and use. Only noise level should be a little low,
Amazon Customer,Paisa vasool,5.0 out of 5 stars,"Reviewed in India on July 20, 2020",Verified Purchase,Using it for past 4 yrs now no problem.,
MR.Human,Four Stars,1.0 out of 5 stars,"Reviewed in India on June 19, 2017",Verified Purchase,After one month of use .... It starts to rust.... Poor quality jars.  ....,2 people found this helpful
Praveen,Pay little more and purchase good product rather this,1.0 out of 5 stars,"Reviewed in India on February 4, 2017",Verified Purchase,Pay little more and purchase good product rather this.Its sound is very high and also two screws are missing from base of this unit.,One person found this helpful
jyotirana,Nyc 1,5.0 out of 5 stars,"Reviewed in India on May 21, 2019",Verified Purchase,It’s gud nd value for money ....small Nd gud for nrml use,
Knownsense,Terribly loud noice,3.0 out of 5 stars,"Reviewed in India on December 15, 2018",Verified Purchase,Terribly loud noice. I had an old Bajaj mixer previous to this which was less noisy.,
Amazon Customer,Good Product,4.0 out of 5 stars,"Reviewed in India on August 6, 2020",Verified Purchase,Delivered by time. and value for money,
Ramananda Biswas,Good product,5.0 out of 5 stars,"Reviewed in India on March 7, 2021",Verified Purchase,Good product,
Gollo N.,Will it  be long lasting to use?,4.0 out of 5 stars,"Reviewed in India on November 20, 2020",Verified Purchase,"I like that it came good in sound, no damages ...all the items send good way....bt  I hope to use it  long....",
Dharmendra Kumar,Bleads are poor quality,3.0 out of 5 stars,"Reviewed in India on June 11, 2019",Verified Purchase,"Poor bleads of each jar
Wested money but I didn't return products.",
Saurav Pramanik,Good One,4.0 out of 5 stars,"Reviewed in India on July 8, 2020",Verified Purchase,All is well except some extra heat generation.,
Beni madhab Das,Good product,4.0 out of 5 stars,"Reviewed in India on April 28, 2021",Verified Purchase,"I usualy preferred Bajaj electrical products, good product soundless products, easy to handle , price also good",
"""Parul Nikhil Vlogs""",Disappointed,3.0 out of 5 stars,"Reviewed in India on June 27, 2019",Verified Purchase,Medium size jar broken in third use disappointed,
Sayali,Little bit noisy,4.0 out of 5 stars,"Reviewed in India on November 23, 2018",Verified Purchase,Makes too much noise and the grinding quality is below expectations,
Jayjit Guha,Happy 😚😍,5.0 out of 5 stars,"Reviewed in India on August 25, 2019",Verified Purchase,Good product... Same as shown in the image  nd described in description 😚,
Lakshminarayana,Value for 💰,4.0 out of 5 stars,"Reviewed in India on November 8, 2019",Verified Purchase,"Noise level is high in db, but last not least value for money.",
Dip Samanta,Working as described. wish for durability and services at ...,4.0 out of 5 stars,"Reviewed in India on July 26, 2017",Verified Purchase,Working as described.wish for durability and services at kolkata.blade should available if broken.,
Sunil Prajapati,Making too much noise,3.0 out of 5 stars,"Reviewed in India on November 3, 2018",Verified Purchase,Overall good. But it makes too much noise. My old mixer was less noise then this new one.,
srinivas.,Heavy noise & heating.,3.0 out of 5 stars,"Reviewed in India on June 15, 2020",Verified Purchase,Heavy noise & heating.,
VARUN KHERA,Useless jars and their blades,1.0 out of 5 stars,"Reviewed in India on July 26, 2020",Verified Purchase,It doesn't even make paste of onion. Tried in all 3 jars. Onions were still thick. Don't buy,
GP,Good one,3.0 out of 5 stars,"Reviewed in India on November 23, 2021",Verified Purchase,Best product in low price,
Priya,Worth,4.0 out of 5 stars,"Reviewed in India on January 26, 2022",Verified Purchase,Very good mixture under 2000 range.. go for it,
anthony,Value for money,5.0 out of 5 stars,"Reviewed in India on January 8, 2021",Verified Purchase,It is very speak and takes less space. Performance is good. Noise level is low,
TARKESHWAR SINGH,Good products,5.0 out of 5 stars,"Reviewed in India on March 11, 2021",Verified Purchase,Good products,
Vikas K.,Quite happy to use it,4.0 out of 5 stars,"Reviewed in India on May 14, 2019",Verified Purchase,The item is quite. It is easy to use however noise is something which frustrated me. In this small budget this is a nice deal to with an assured warranty of Bajaj. Go with it.,
prashant,Fake product,1.0 out of 5 stars,"Reviewed in India on November 21, 2020",Verified Purchase,I order Rex mixer and receive gx1 mixer..And its look like a fake product of bajaj..,
Kalidash Mazumdar,Excellent product,5.0 out of 5 stars,"Reviewed in India on January 9, 2021",Verified Purchase,"Easy to use, noise level is low. Value for money.",
Bappaditya Karmakar,Very good product,5.0 out of 5 stars,"Reviewed in India on March 17, 2021",Verified Purchase,"Noise level is very low, easy to clean",
Dharmishtha,Nice product,5.0 out of 5 stars,"Reviewed in India on May 11, 2019",Verified Purchase,This is very compact mixer for small kitchens and doesn’t occupy much space.I like the product as my usage is limited. Happy with its purchase,
Sujata n.,Ok product,2.0 out of 5 stars,"Reviewed in India on July 14, 2021",Verified Purchase,Good,
sajal mondal,RECEIVED DAMAGED PRODUCT,1.0 out of 5 stars,"Reviewed in India on October 4, 2021",Verified Purchase,RECEIVED DAMAGED PRODUCT,
Qazi D,"On level 3, smoke starts coming out as something is burning. Don't buy this product",1.0 out of 5 stars,"Reviewed in India on April 24, 2021",Verified Purchase,"Ramzan ke Barkat ka mahina tha, soncha tha sham ko shake piyenge. Mixer on kia to duwa nikalne laga. 🥲 Bajaj walo marjao",
Md Hasanujjaman,Everything is ok but noise level is highy,3.0 out of 5 stars,"Reviewed in India on September 18, 2020",Verified Purchase,Everything is ok but noise level is highy,
Amazon Customer,Damaged product delivered,1.0 out of 5 stars,"Reviewed in India on May 25, 2021",Verified Purchase,The product was delivered broken and I’m not able to use it .,
Suvamay Sadhukhan,Awesome Product...👌👌👌,5.0 out of 5 stars,"Reviewed in India on November 3, 2020",Verified Purchase,"Value for money, Thanks Bajaj & Amazon...🤘🤘🤘",
Mostofa Kamal,osm,5.0 out of 5 stars,"Reviewed in India on March 9, 2020",Verified Purchase,best in this price range.,
Saswati Dutta,Original Product,5.0 out of 5 stars,"Reviewed in India on November 16, 2018",Verified Purchase,What a great product. I just loved it. Thank u Amazon. Thank u Bajaj.,
Yogita Singh Rana,Disappointed,1.0 out of 5 stars,"Reviewed in India on October 6, 2021",Verified Purchase,I'm disappointed since I opened the package. One of jar lid is broken...,
parul,Nice product,4.0 out of 5 stars,"Reviewed in India on May 16, 2021",Verified Purchase,A product of great utility,
Sathish Vendru,Five Stars,5.0 out of 5 stars,"Reviewed in India on June 20, 2017",Verified Purchase,Excellent product as excepted. My mom was very happy of using this as user friendly.,One person found this helpful
michael,Broken jard delivered,1.0 out of 5 stars,"Reviewed in India on May 25, 2022",Verified Purchase,Video Player is loading.,
manoranjan,Super,5.0 out of 5 stars,"Reviewed in India on February 1, 2022",Verified Purchase,Nyc,
JAHANGIR ALOM,Not too good,1.0 out of 5 stars,"Reviewed in India on July 14, 2019",Verified Purchase,I was disappointed with the product bcoz it was used product and some parts was broken,
VIJAY KUMAR MANDAL,Very nice👍,5.0 out of 5 stars,"Reviewed in India on June 26, 2021",Verified Purchase,Very nice👍,
Amazon Customer,"Do not buy it, This product does not do grinding well.",1.0 out of 5 stars,"Reviewed in India on May 24, 2022",Verified Purchase,Only buy products with return policy,
DAVINDER,Very good product....,5.0 out of 5 stars,"Reviewed in India on September 30, 2017",Verified Purchase,Very good product at a very competitive price tag. Thanks amazon for quick delivery.,One person found this helpful
Priya,I get it in very low offer price n I m not at all regretting rather super happy.,5.0 out of 5 stars,"Reviewed in India on May 30, 2018",Verified Purchase,I use it since 6 months n trust me it works just fabulously. Definitely worth buying.,
Shahnawaz,Best for small family,4.0 out of 5 stars,"Reviewed in India on June 2, 2021",Verified Purchase,"good Grinding quality,Good product 500w motor power,",
Abhishek Dubey,Good for normal use.,4.0 out of 5 stars,"Reviewed in India on July 21, 2021",Verified Purchase,Good but noisy. At this price range good for normal useges.,
Subhrajit Pyne,Mother is happy,5.0 out of 5 stars,"Reviewed in India on March 30, 2021",Verified Purchase,Good product. My mother is happy with it.,
Pritam Medhi,Good product,5.0 out of 5 stars,"Reviewed in India on November 5, 2019",Verified Purchase,"After using 15 days, i have written this review. Product is very good as compared to price.",
Amazon Customer,Good,5.0 out of 5 stars,"Reviewed in India on March 4, 2020",Verified Purchase,Nice mixer under 2000,
Aakash,One of the lids had crack. Not a big ...,3.0 out of 5 stars,"Reviewed in India on January 2, 2016",Verified Purchase,One of the lids had crack. Not a big enough crack to be returned/replaced; not a small enough either to ignore.,2 people found this helpful
Mehul Negandhi,God broked lid. Gift got ruined,1.0 out of 5 stars,"Reviewed in India on June 14, 2020",Verified Purchase,"Got one lid which is broken...
Thats not what was expected....
It was a gift for someone, and such gift is not at all good. Very disappointed",
Hitesh,Still intact & working fine,5.0 out of 5 stars,"Reviewed in India on October 23, 2016",Verified Purchase,"Using it for 1.5 years,bought it last year from here.
Still intact & working fine..
Good product.",One person found this helpful
saurav mondal,Great product,5.0 out of 5 stars,"Reviewed in India on June 27, 2021",Verified Purchase,I have been using bajaj mixer for the past 6 years. And ordered this again. Its really great,
BALA G.,Value for money,5.0 out of 5 stars,"Reviewed in India on January 27, 2020",Verified Purchase,Nice product bought for my mom,
Daya Nand Saini,Sending item defected.,1.0 out of 5 stars,"Reviewed in India on July 8, 2021",Verified Purchase,"On line items is not safe and sequre.
We have 2 orders through Amazon app
All item is defected.",
Dinesh Y.,Just comfort,5.0 out of 5 stars,"Reviewed in India on January 2, 2021",Verified Purchase,This is very nice it's very important in winter because when we make different types of recipes we need grind it so it's very comfort for me,
Amit Kumar,Best At All,5.0 out of 5 stars,"Reviewed in India on October 24, 2017",Verified Purchase,Nice mixer grinder at this price. It is manufactured by a trusted company  'BAJAJ' on which we can trust. I got it at ₹1989. I think it is best at this price.,
Vaibhav,Go for it,5.0 out of 5 stars,"Reviewed in India on April 2, 2021",Verified Purchase,Go for it. Best purachase,
Ritu,Mom loves it,5.0 out of 5 stars,"Reviewed in India on July 13, 2018",Verified Purchase,Gifted it to my Mom.. and Bajaj products are always good.. Mom loved it a lot she is using to prepare tasty foods..,
ramvilash Patel ,Good quality,5.0 out of 5 stars,"Reviewed in India on March 6, 2022",Verified Purchase,Exllent,
Amazon Customer,Not satisfied,1.0 out of 5 stars,"Reviewed in India on June 5, 2021",Verified Purchase,I received damaged product. This is not at all accepted from Amazon. Chutney jar was found with damaged blades.,
Sandip Dhar Choudhury,Reasonably good,5.0 out of 5 stars,"Reviewed in India on October 22, 2021",Verified Purchase,Using it comfortably since purchase and its pretty good one.,
Anjani kumari,Very poor customer support,1.0 out of 5 stars,"Reviewed in India on May 4, 2021",Verified Purchase,Product comes with 1 year warranty but neither Amazon nor Bajaj will help you out once your product stops working.,
Bisky1,Good product..............,4.0 out of 5 stars,"Reviewed in India on December 1, 2014",Verified Purchase,Product seems good however I have used it 1 time only.......... Make is robust  however smaller jar could have been a little bigger ............. Somewhat noisy but working well,
Amazon Customer,Excellent product within the price range.,5.0 out of 5 stars,"Reviewed in India on June 13, 2021",Verified Purchase,"Excellent steel quality, and finish.
Works great! I will highly recommend this mixer. Go ahead!",
NIRANJAN,wrost  jars kwolity and small jar is jam in one month,2.0 out of 5 stars,"Reviewed in India on May 24, 2019",Verified Purchase,small jar not working  and jamed in two to three time used middle shaft is rusted and jammed  ia m repaired two time  but every time  i am using that time  we found rust.please replace small jar.,
Sonu vishwakarma,Review use after 4 years,5.0 out of 5 stars,"Reviewed in India on November 24, 2021",Verified Purchase,Excellent products nothing single problem  for 4 years,
MICROZNEX COMPUTER ACADEMY,Good and Durable Product,5.0 out of 5 stars,"Reviewed in India on May 30, 2020",Verified Purchase,This a good product of Bajaj Company.,
Sumeet Rawal,Received broken lid,1.0 out of 5 stars,"Reviewed in India on February 1, 2022",Verified Purchase,"I didn't like it, received broken lid of jar, don't buy this product",
Hemalatha,Good for around 5 months,1.0 out of 5 stars,"Reviewed in India on July 6, 2020",Verified Purchase,After 5 months the motor voice increases and it eventually dies off because of low quality winding.,
Brij Savla,Nice and value for money.,5.0 out of 5 stars,"Reviewed in India on May 29, 2021",Verified Purchase,This is really Awesome products.,
Muhammed Irfan,troublesome and noise making,1.0 out of 5 stars,"Reviewed in India on October 14, 2019",Verified Purchase,very bad grinder also i had to repair 10 times in 2 years it gets more sick than new born children. i wouldnot recommend . worst part the blade tore the jar open,
Amazon Customer,Great ; in this price range,4.0 out of 5 stars,"Reviewed in India on March 4, 2017",Verified Purchase,It is the best mixer griender from bajaj.From amazon ;they give the mixer griender in a great price compairing to other online stores.,One person found this helpful
Loknath Sahu,Badiya hai quality,5.0 out of 5 stars,"Reviewed in India on August 16, 2021",Verified Purchase,Bahut badiya hai quality acha hai aur services bahut acha hai,
Somnath bhattacharjee,Good Product,5.0 out of 5 stars,"Reviewed in India on August 11, 2021",Verified Purchase,"Great Product, Easy To Use, Super Quality",
Rishi kumar,It's good,4.0 out of 5 stars,"Reviewed in India on May 14, 2020",Verified Purchase,It's good,
Sivaramakrishnan,Two Stars,1.0 out of 5 stars,"Reviewed in India on January 8, 2018",Verified Purchase,"Stopped working after 2 months.raised complaint with Bajaj No response Yet.
Not grinding properly..not recommended",
sagar mittal,excellent performance,5.0 out of 5 stars,"Reviewed in India on December 18, 2015",Verified Purchase,"Awesome,I am very happy to get this mixer. Working absolutely perfect, 17 months experience.
Go for it. thanks",One person found this helpful
Dharmpal Singh Chandolia,Cutting Blade will Should be Sharpen in Blending & Mixing Jar's.,3.0 out of 5 stars,"Reviewed in India on August 12, 2018",Verified Purchase,Product is Good in this Range But I Think that Cutting Blade Should be more Sharpen in Both Jar's. I Purchase it only Domestic Purpose. I Thanks to Amazon & Bajaj for provide returning facility without any Cost Cutting in My Refund Amount.,
Mandeep Singh,Good one,5.0 out of 5 stars,"Reviewed in India on August 27, 2020",Verified Purchase,Simple and easy. Good product quality.,
Om Prakash,"Noise is so high, other everything is good",4.0 out of 5 stars,"Reviewed in India on December 18, 2020",Verified Purchase,"Noise is so high, other everything is good",
Rohit Samarth,I recently bought ut,5.0 out of 5 stars,"Reviewed in India on August 10, 2018",Verified Purchase,It is very flimsy and has places that can't be cleaned without some sort of brush.,
Teeka Ram Meena,Good ever,5.0 out of 5 stars,"Reviewed in India on August 24, 2019",Verified Purchase,I like it very much all over is good,
swapnil V.,Small jar not working,1.0 out of 5 stars,"Reviewed in India on July 22, 2020",Verified Purchase,"Giving this feedback after using 1 year ..
Everything is good but small jar is not working after using in 20 days",
ISHAN KUMAR SETHI,Sabse ghatiya mixer grinder,1.0 out of 5 stars,"Reviewed in India on July 29, 2019",Verified Purchase,"I received a open package.every jar likage,Sabse ghatiya .l suggest don't buy it.",
Jit Biswas,Not satisfied,3.0 out of 5 stars,"Reviewed in India on July 23, 2019",Verified Purchase,Mixes plastic quality very bad. Mixes jar cover and handel plastic quality very bad.packing not good.delivery time soon late.delivery time 10 days after booking.material finishing very bad.,
Amazon Customer,A good mixie,4.0 out of 5 stars,"Reviewed in India on August 26, 2016",Verified Purchase,So far so good .....its just been 6 days that I've used the mixie but it grinds very well and occupies very little space.,One person found this helpful
AMIT KUMAR BISWAS,Very good product,5.0 out of 5 stars,"Reviewed in India on April 28, 2021",Verified Purchase,Good,
Munish Kumar,Noise is too much,4.0 out of 5 stars,"Reviewed in India on June 7, 2021",Verified Purchase,Average  product but Noise is too much,
Ajay KS,Overall good,5.0 out of 5 stars,"Reviewed in India on January 29, 2019",Verified Purchase,Good and sturdy for regular use. Using for sometime now.,
Anupriya,Good one,4.0 out of 5 stars,"Reviewed in India on June 29, 2019",Verified Purchase,Its been a year and a half and its good to use.,
Ujjwal,Jars not worth,3.0 out of 5 stars,"Reviewed in India on March 8, 2018",Verified Purchase,The jars are very bad. Once installed in the mixer its very difficult to take the jars off.,
Parmendra Kumar,Good product,5.0 out of 5 stars,"Reviewed in India on November 20, 2020",Verified Purchase,This Mixer is good. So I recommend to buy because this is better at this price and looks is also good,
Faruque Ansari,Normal,3.0 out of 5 stars,"Reviewed in India on January 11, 2022",Verified Purchase,Normal,
Shivam kaushal,Mst,5.0 out of 5 stars,"Reviewed in India on November 24, 2021",Verified Purchase,Mst,
Arghya sarkar,Good product,5.0 out of 5 stars,"Reviewed in India on March 19, 2021",Verified Purchase,Good product,
Manan Patel,Good mixer at this price but littel noisy,4.0 out of 5 stars,"Reviewed in India on February 27, 2016",Verified Purchase,"Bajaj as brand has good reputation. bajaj rex-500 mixer is good mixer and it done all work what I need. But only thing bother me, is noise. It make lot of noise but it can be negotiabile against the performance and price.",
Santosh,Ok with it.,4.0 out of 5 stars,"Reviewed in India on October 28, 2017",Verified Purchase,Doesn't grind that greatly but for 1500/- it does the job as much as needed.,One person found this helpful
Uttam Kumar Verma,Loud and irritating noise,1.0 out of 5 stars,"Reviewed in India on December 19, 2020",Verified Purchase,It's noise very is loud and irritating.  It was not properly sealed.,
vivek salokhe,Best for 1999,4.0 out of 5 stars,"Reviewed in India on August 18, 2020",Verified Purchase,For Rs2050 it is good mixer,
Sande29,Bajaj Mixer Grinder,5.0 out of 5 stars,"Reviewed in India on November 3, 2019",Verified Purchase,Amazing machine and the grinder is just awesome.,
Sonu Prajapati,Good product,5.0 out of 5 stars,"Reviewed in India on December 16, 2020",Verified Purchase,Nice product,
Premchand S.,Value for money,5.0 out of 5 stars,"Reviewed in India on December 30, 2019",Verified Purchase,Good product but too noisy,
Amit Kerry,Rex 500 was not mension on the motor,1.0 out of 5 stars,"Reviewed in India on October 11, 2020",Verified Purchase,Rex 500 was not mension on the product... It seems like Chinese.. Very bad packing,One person found this helpful
Chandra Nandan,Good one,4.0 out of 5 stars,"Reviewed in India on May 24, 2022",Verified Purchase,Best for household,
Rajiv,Noisy,4.0 out of 5 stars,"Reviewed in India on March 7, 2020",Verified Purchase,It's a bit noisy,
Amazon Customer,Average,4.0 out of 5 stars,"Reviewed in India on April 30, 2021",Verified Purchase,Average you may use for lite work,
MA Gafoor,Awesome Product,5.0 out of 5 stars,"Reviewed in India on November 19, 2019",Verified Purchase,"Nice product , easy to use and clean . Best product in Best Price !!!",
Mrinmay Bar,Everage product,2.0 out of 5 stars,"Reviewed in India on July 7, 2021",Verified Purchase,"This is a everage product. When i use this, the machine heating so fast and then its shut down.",
Ismail Ishaque,Good,5.0 out of 5 stars,"Reviewed in India on October 2, 2020",Verified Purchase,Good,
Vinay,Good Product. Go for it.,5.0 out of 5 stars,"Reviewed in India on November 17, 2020",Verified Purchase,Good Product. Go for it.,
Amazon Customer,Best product within this price range. Go for it,5.0 out of 5 stars,"Reviewed in India on May 13, 2020",Verified Purchase,According with brand name. No complaint found in last six month of using it.,
soma das,Bad performance,5.0 out of 5 stars,"Reviewed in India on August 19, 2020",Verified Purchase,This product is good jar lock is poor,
Mohammad Tauseef,I got one lid Crack,1.0 out of 5 stars,"Reviewed in India on April 6, 2022",Verified Purchase,,
Mahesh dhamanekar,Ricved product big jar cap damged alredy so m not satisfied,2.0 out of 5 stars,"Reviewed in India on June 24, 2022",Verified Purchase,Video Player is loading.,
arabinda barik,Good products,5.0 out of 5 stars,"Reviewed in India on February 19, 2022",Verified Purchase,Good products,
Hoimi ke papa,Easy clean,5.0 out of 5 stars,"Reviewed in India on August 4, 2019",Verified Purchase,No notch or difficult to clean parts.,
AB,Good at this price,5.0 out of 5 stars,"Reviewed in India on July 3, 2020",Verified Purchase,Working good,
Swathi,Worth for money,4.0 out of 5 stars,"Reviewed in India on January 13, 2021",Verified Purchase,Worth buying,
Pratik,Love it!,4.0 out of 5 stars,"Reviewed in India on February 28, 2018",Verified Purchase,"Actually when I got there was defect ,but it was very small defect so I didn't return,but it should be taken care while bringing the order from main centre.",
Kindle Customer,Review,3.0 out of 5 stars,"Reviewed in India on December 16, 2021",Verified Purchase,The lid doesn't close properly. So I have to hold it right every time I use it.,
Sumit Goel,Nice buy,5.0 out of 5 stars,"Reviewed in India on October 28, 2018",Verified Purchase,"All jars come with two blades,,,and all the 3 jars are of steel",
AnilKumar J.,Not satisfy,3.0 out of 5 stars,"Reviewed in India on July 11, 2021",Verified Purchase,"Too much mouse
No lock feature
Easy clean Bush Spindle is very low quality",
Jagjeet s.,ok product,3.0 out of 5 stars,"Reviewed in India on February 10, 2019",Verified Purchase,first I got a broken piece of jar and got replaced very soon without any problem...let's see how it works ...seems ok ok type,
Sayali ,Not recommended,1.0 out of 5 stars,"Reviewed in India on February 3, 2021",Verified Purchase,Too much noisy... will not recommend this product.,
Pram,Good product from bajaj,5.0 out of 5 stars,"Reviewed in India on December 8, 2018",Verified Purchase,"Build quality is good, makes less noise compared to others, and service from bajaj you can depend on , this item is worth buying. Thanks amazon for making it available at best price.",
Amazon Customer,It's ok,3.0 out of 5 stars,"Reviewed in India on June 12, 2021",Verified Purchase,Noise level is high. Normal use.,
Technical Earn,Worest jar quality,1.0 out of 5 stars,"Reviewed in India on July 16, 2020",Verified Purchase,"Mixer grinder quality is good but jar quality is very bad, I decided to return the item",
Sand-E,Great,5.0 out of 5 stars,"Reviewed in India on October 4, 2019",Verified Purchase,This is very highly recommend product for you,
Kaushik Saikia,Good product,4.0 out of 5 stars,"Reviewed in India on December 26, 2021",Verified Purchase,Good product,
prateek,Five Stars,5.0 out of 5 stars,"Reviewed in India on September 25, 2018",Verified Purchase,"its only one month since i have bought the product, working well till now",
Shruti pathak,Nice product,5.0 out of 5 stars,"Reviewed in India on November 25, 2021",Verified Purchase,"Good look, easy to use, strong",
Shivani Das,It's really portable,5.0 out of 5 stars,"Reviewed in India on August 1, 2022",Verified Purchase,It's really portable.... And the quality is really good,
Pranav Prasun,Daily Use,4.0 out of 5 stars,"Reviewed in India on April 10, 2022",Verified Purchase,Product is very good.. friendly for daily use ..,
Sai Priya,Product and package is not good.,1.0 out of 5 stars,"Reviewed in India on July 9, 2021",Verified Purchase,,
piyush sohane,Overall a Nice mixer...,4.0 out of 5 stars,"Reviewed in India on November 11, 2018",Verified Purchase,The jars are not that tough... Stain less still but not that kind of tough still... But the mixer machine is nice i got it in sale at 1800,
Abhijeet Sahay,Very nice.. Above and beyond my expectations,5.0 out of 5 stars,"Reviewed in India on June 4, 2021",Verified Purchase,Very nice.. Above and beyond my expectations.. highly recommended,
Rahul Kawalkar,Nice product,5.0 out of 5 stars,"Reviewed in India on September 23, 2021",Verified Purchase,Nice product in low cost range,
Rondip Borthakur,A little defective,3.0 out of 5 stars,"Reviewed in India on September 14, 2020",Verified Purchase,"The main mixing jar is a tad bit defective, the motor doesnt run well to squash even cut fruits. The rest of them work fine.",
Sai Sri,Nice product,5.0 out of 5 stars,"Reviewed in India on May 9, 2020",Verified Purchase,Video Player is loading.,
Chakem kuma,Awesome product,5.0 out of 5 stars,"Reviewed in India on October 4, 2019",Verified Purchase,Just wanted to thank you for this product.actually i was quite curious about the product that it will be good or not but after getting this product am fully satisfied with it.,
Amazon Customer,Quality of the product is really bad and not expected from a brand like Bajaj,2.0 out of 5 stars,"Reviewed in India on September 1, 2017",Verified Purchase,Quality of the product is really bad and not expected from a brand like Bajaj. Within a month of purchase grinder jar screw is loose. I am not happy with this purchase.,One person found this helpful
ALLA NAVEEN REDDY,not worthy.,1.0 out of 5 stars,"Reviewed in India on January 26, 2020",Verified Purchase,"dont go for it.it is not suitable for home also,because it has less overload capacity.automatically getting turned off.",
Gyan,"Overall good quality, working fine, average noise.",4.0 out of 5 stars,"Reviewed in India on January 22, 2020",Verified Purchase,"Working fine, grinds well. good.",
Amazon Customer,Good for small family,4.0 out of 5 stars,"Reviewed in India on October 5, 2019",Verified Purchase,Using from 2 months. Not suitable for dry grinding. Motor tripped during dry grinding.,
A customer,Waste of money.....,1.0 out of 5 stars,"Reviewed in India on January 26, 2020",Verified Purchase,"Only the small jar is useful. The other 2 jars are absolutely useless, the blades don't perform the functions at all. Had to buy another mixer as could not grind anything.",
abhishek roy,Good,5.0 out of 5 stars,"Reviewed in India on June 5, 2021",Verified Purchase,Good,
Rachita A.,Nice,4.0 out of 5 stars,"Reviewed in India on July 5, 2021",Verified Purchase,Good one.....go for it,
RAHUL KUMAR CHAUDHARY,Awesome,4.0 out of 5 stars,"Reviewed in India on May 4, 2019",Verified Purchase,"Nice product .
i ordered same for some one.",
Deepak Kumar,Overall good,4.0 out of 5 stars,"Reviewed in India on June 30, 2021",Verified Purchase,I have been using this product for last two months. Good product go head to purchase.,
Sheshdhar shukla,Ncy,4.0 out of 5 stars,"Reviewed in India on June 16, 2020",Verified Purchase,Product is good. Noise is so so. Lock feature are also good for jar.. overall ncy nd valu for money product..,
Amazon Customer,Not good quality,1.0 out of 5 stars,"Reviewed in India on January 10, 2019",Verified Purchase,"Small jar is cracked i just received  yesterday's 2nd time received same product bad Amazon fu,****k",
Akshay Beniwal,the produuct was amazing to see and to operate,5.0 out of 5 stars,"Reviewed in India on September 25, 2017",Verified Purchase,"the produuct was amazing to see and to operate, a never used to buy bajaj electricals but this time bajaj made me proved that we can trust over it.",One person found this helpful
Ram Majhi,"It's too good starting price in all categories person , who want small budget grinder...",5.0 out of 5 stars,"Reviewed in India on November 25, 2021",Verified Purchase,"It's too good starting price in all categories person , who want small budget grinder...",
Mousumi Ray,Good one...,5.0 out of 5 stars,"Reviewed in India on July 14, 2019",Verified Purchase,Excellent quality bad value for money,
Deepak Mukhiya,Value for money,5.0 out of 5 stars,"Reviewed in India on April 1, 2019",Verified Purchase,"This product is too good, easily grind. It's sound is low. I refer this grinders to my family and friends.",
manoj kumar choudhary,Fast,4.0 out of 5 stars,"Reviewed in India on September 3, 2020",Verified Purchase,Very fast,
Shreehari,productive purchase,5.0 out of 5 stars,"Reviewed in India on November 15, 2019",Verified Purchase,Super cool product less space consuming,
Vivek Kapoor,Too much noise,3.0 out of 5 stars,"Reviewed in India on April 27, 2022",Verified Purchase,The mixer is creating too much noise,
Sweety,Five Stars,5.0 out of 5 stars,"Reviewed in India on November 20, 2017",Verified Purchase,Very nice working from the past 7 months no problem till today,One person found this helpful
Sariful hoque,Great,5.0 out of 5 stars,"Reviewed in India on March 23, 2021",Verified Purchase,Nice,
Dibyakona Bhattacharjee,In love with the mixture grinder. Go for it. Thanks amazon,5.0 out of 5 stars,"Reviewed in India on August 15, 2021",Verified Purchase,Noise level is very soothing. Features are amazing. And it very easy to clean. Saves my time.,
Ganesh,"On the first use, black fog came out of ...",1.0 out of 5 stars,"Reviewed in India on October 17, 2015",Verified Purchase,"On the first use, black fog came out of the air sucker holes.. Jar are not standard they are very thin, they tend to bork",
Madhavan j maddy,Nice,5.0 out of 5 stars,"Reviewed in India on December 2, 2018",Verified Purchase,Mixer grinder is working fine. so far we never faced any problem.,
Shubhangini,Why it is defevted?? Packing should be proper,4.0 out of 5 stars,"Reviewed in India on April 5, 2022",Verified Purchase,Defective item ...just unlocked today...want to replace this product.,
Krishnendu Chowdhury,Average Product,4.0 out of 5 stars,"Reviewed in India on November 2, 2019",Verified Purchase,Too noisy otherwise fine,
ajai,Good,3.0 out of 5 stars,"Reviewed in India on October 9, 2019",Verified Purchase,"Good performance,best grinding  machine,",
Lopamudra Moharana,worst product,1.0 out of 5 stars,"Reviewed in India on November 19, 2020",Verified Purchase,i should not have bought this. This one looks dull than prestige's grinder. My friend has this one which is far better than this.,
Tarun Kumar,"please buy this, in this product every thing is ok",5.0 out of 5 stars,"Reviewed in India on December 1, 2020",Verified Purchase,very nice product under this rate,
ravina,Medium quality,4.0 out of 5 stars,"Reviewed in India on December 5, 2020",Verified Purchase,"noise level too much.
easy to clean but good in budget",
Anuj,Reliable,5.0 out of 5 stars,"Reviewed in India on October 14, 2019",Verified Purchase,Very easy to use and reliable,
narayanreddy,Good quality compare to other branded grinders,4.0 out of 5 stars,"Reviewed in India on November 8, 2018",Verified Purchase,This is very good grinder even u can prepare juice in it and the service is also quick.thank u to amazon team,
SANJAY NANDI HOOMGARH,Ok,5.0 out of 5 stars,"Reviewed in India on August 14, 2021",Verified Purchase,Ok,
Tester,Good buy,5.0 out of 5 stars,"Reviewed in India on March 14, 2018",Verified Purchase,Good as I gifted this and they are still in touch so I guess it's good.,
Uttam Kumar Mishra,Good,4.0 out of 5 stars,"Reviewed in India on January 3, 2021",Verified Purchase,Good,
Rahul sahu,Worth to buy,4.0 out of 5 stars,"Reviewed in India on December 28, 2018",Verified Purchase,"Material quality is very good. I has very compact structure with good finishing on it.
Jars metal is durable by seeing its thickness.
Nice deal on this price tag.",
Ankit B.,Okk okkk... Just good,2.0 out of 5 stars,"Reviewed in India on July 26, 2020",Verified Purchase,"Not recommend it for home ..
Require stringent maintenance",
Abhishek,Decent buy,3.0 out of 5 stars,"Reviewed in India on November 8, 2018",Verified Purchase,"Is a good buy. The first order had some loose part in the mixer which made rattling noise. When returned, got the proper machine but the jars don't come out easily. Needs high force.",
niraj kumar,Good product,5.0 out of 5 stars,"Reviewed in India on August 1, 2020",Verified Purchase,Overall nice product.i bought it for 1980rs.,
Kamlesh Shownkeen,not good,2.0 out of 5 stars,"Reviewed in India on February 15, 2022",Verified Purchase,jar material is not so good. overall quality is sub standard,
Mukul,Doubtful,3.0 out of 5 stars,"Reviewed in India on November 14, 2020",Verified Purchase,"Don't  know if it is original or not. Logo is not as described. However it is okay, but I doubt if it is original product or not.",
Rupa,Using last from 4 month regularly,5.0 out of 5 stars,"Reviewed in India on May 10, 2021",Verified Purchase,Good one,
Jhandas Nayar,Value for money,5.0 out of 5 stars,"Reviewed in India on October 9, 2019",Verified Purchase,It's a best product and perfomance well,
Amazon Customer,⭐⭐,3.0 out of 5 stars,"Reviewed in India on February 7, 2021",Verified Purchase,⭐⭐,
mandava vidyadhar,Good and i recommend it to a small family,4.0 out of 5 stars,"Reviewed in India on May 10, 2015",Verified Purchase,Good one at the price but the size of Jars is small. The user manual says that this mixer can only be continuously used for  10 mins unlike the other mixers which is not sufficient for a mid sized family.,
Keshav Nath Yadav,Valuable.,5.0 out of 5 stars,"Reviewed in India on August 6, 2020",Verified Purchase,Excellent,
Sahil Gulati,Go for it,4.0 out of 5 stars,"Reviewed in India on June 2, 2020",Verified Purchase,"This Bajaj Product is amazing. Don't settle for anything less than this.
This is the best one if you're looking for Mixer Grinder of 500W.",
Anando G.,Great build quality,5.0 out of 5 stars,"Reviewed in India on October 25, 2020",Verified Purchase,Great build quality! Love the product and haven’t faced any issues at all in operating it. 5/5 recommended,
रोहित गुप्ता,Go for it,5.0 out of 5 stars,"Reviewed in India on February 14, 2018",Verified Purchase,"About the product in one word- Amazing. It is working fine and it is easy to adjust and remove jar from grinder. If you are looking for grinder at this price go for it, don't thik.",
Alafiya,WORTH PURCHASING,4.0 out of 5 stars,"Reviewed in India on June 8, 2020",Verified Purchase,Quality is up to the price. Easy to use and understand.,
Jami Pradeep,Value For money,5.0 out of 5 stars,"Reviewed in India on October 30, 2020",Verified Purchase,Good,
Manisha,Quick heating,2.0 out of 5 stars,"Reviewed in India on June 7, 2020",Verified Purchase,There's humming sound after 10 seconds of use. Get heated up easily.,
suparna dey,Fake product. Be aware about the authenticity,1.0 out of 5 stars,"Reviewed in India on July 11, 2021",Verified Purchase,Fake product delivered,
JAYANTA KUMAR DUTTA,Defective rotary switch,1.0 out of 5 stars,"Reviewed in India on February 25, 2019",Verified Purchase,Switch found defective when start use after closing of replacement window. Till lying defective with me,
writu borah,One jar lid is broken,1.0 out of 5 stars,"Reviewed in India on April 4, 2022",Verified Purchase,,
CHIRANJIT KUNDU,Worked only for 3 month.,1.0 out of 5 stars,"Reviewed in India on January 15, 2019",Verified Purchase,It is stop working since last couple of week. Don't know why. I knew Bajaj is a reputed brand. So I purchased it.,
Somashekhar Neelappa Kolari,Jar leaking,1.0 out of 5 stars,"Reviewed in India on November 13, 2020",Verified Purchase,Video Player is loading.,One person found this helpful
Priyanka Singh Thakur,Good buying,5.0 out of 5 stars,"Reviewed in India on October 26, 2020",Verified Purchase,Got the product and it is very good.,
Mahesh Patil,Buy,4.0 out of 5 stars,"Reviewed in India on December 17, 2021",Verified Purchase,Noise level is too high,
Amazon Customer,poor quality but good service by Amazon,1.0 out of 5 stars,"Reviewed in India on August 13, 2020",Verified Purchase,poor plastic quality and the base of the jar was broken. but the return request was promptly fulfilled so no worries,
Suraj kumar,Dont think Just Go for it..U will love it at 1st sight,5.0 out of 5 stars,"Reviewed in India on August 22, 2018",Verified Purchase,Love this mixer grinder lokking great working well...bt only confused about warranty period becoz invoice are not duly signed by authorised dealer..soo please ressolve my problem about warranty..otherwise...value for money to buy this one.,
Jitendra,Average product...,3.0 out of 5 stars,"Reviewed in India on August 18, 2020",Verified Purchase,The cups are not durable. The mixer is fine.,
Amazon Customer,Five Stars,5.0 out of 5 stars,"Reviewed in India on December 7, 2018",Verified Purchase,Superb Product by Bajaj. Its a must buy in all houses.,
Sanjini Menon,Average product,3.0 out of 5 stars,"Reviewed in India on October 12, 2020",Verified Purchase,Average performance. Compared to the one i was using earlier it is very noisy. The jar is made from very thin metal,
Genuine Buyer,Worst product,1.0 out of 5 stars,"Reviewed in India on May 6, 2021",Verified Purchase,It is fake product and not original bajaj. Can't even make banana shake properly. DO NOT BUY IT.,
Sandeep Singh,Nice one from Bajaj,5.0 out of 5 stars,"Reviewed in India on May 26, 2019",Verified Purchase,Is a bit noisy... But grinds very fast and perfect,
Vineet,Waste of money,1.0 out of 5 stars,"Reviewed in India on September 8, 2020",Verified Purchase,Dont ever buy this as this is useless product. Grinder broken in 2 months . Company said its out of warranty...,
Manoj,After 2 months of use...,4.0 out of 5 stars,"Reviewed in India on February 19, 2016",Verified Purchase,I got it for 16k which is worth full.. It's been 2 months ..so far its working fine...also used for vegetable juice with this mixer worth buying,
Jewel Haque,Fantastic,5.0 out of 5 stars,"Reviewed in India on November 5, 2019",Verified Purchase,Very nice product in budget price.,
Amit Kumar verma,Fantastic,5.0 out of 5 stars,"Reviewed in India on November 3, 2019",Verified Purchase,Easy to use and best product ever,
Sarala,Bajaj rex 500 review,5.0 out of 5 stars,"Reviewed in India on June 24, 2019",Verified Purchase,Good product noice level is very less. It grindes perpectly..,
Amar ,Average,3.0 out of 5 stars,"Reviewed in India on June 3, 2020",Verified Purchase,Average,
Deepak maurya,कुछ दिन में खराब हो गया था,1.0 out of 5 stars,"Reviewed in India on March 20, 2021",Verified Purchase,तुरंत खराब हो गया था वैसे मैं बजाज का समान पंसद करता हूँ पता नहीं क्यों खराब हो गया था.,
balu.k,OK not a great one,3.0 out of 5 stars,"Reviewed in India on January 23, 2019",Verified Purchase,One jar has already stopped working knowledge few months but disappointed,
Lipika,Best you can have,5.0 out of 5 stars,"Reviewed in India on August 30, 2020",Verified Purchase,Writing review only after Using it last 3yrs regularly.... awsome product....go for it.....worth money spent....don't give second thought,
Anis,Nice product,5.0 out of 5 stars,"Reviewed in India on June 3, 2021",Verified Purchase,Good work,
Prash,Disappointed,1.0 out of 5 stars,"Reviewed in India on August 1, 2020",Verified Purchase,I got a difective product:(,One person found this helpful
Raju,Not upto mark as per it's feature,2.0 out of 5 stars,"Reviewed in India on June 24, 2020",Verified Purchase,Not good,
Amazon Customer,good.. but lids are not very tight,3.0 out of 5 stars,"Reviewed in India on January 27, 2017",Verified Purchase,good.. but lids are not very tight.. if not pressed by hands grinding mix easily comes out if liquid.. makes loud noise.. overall okay..,
Atique ,Unsatisfied,1.0 out of 5 stars,"Reviewed in India on May 21, 2020",Verified Purchase,"I dont like this product as it will not working properly the jar is not good any we will use it will jam and blade is not moving
What should i do",
Sushil thakur,Nice product 👍👍,4.0 out of 5 stars,"Reviewed in India on October 24, 2020",Verified Purchase,Easy to clean,
S.K. M.,Satisfied with the quality and delivery by Amazon,5.0 out of 5 stars,"Reviewed in India on November 19, 2018",Verified Purchase,"Satisfied, worth the price And timely delivery by Amazon",
Amazon Customer,Doesn't grind anything properly,1.0 out of 5 stars,"Reviewed in India on December 14, 2019",Verified Purchase,Doesn't grind anything properly.,One person found this helpful
Navsheel Sharma,Super Awesome,5.0 out of 5 stars,"Reviewed in India on October 25, 2017",Verified Purchase,"🔯Super cool product.👌👌

🔯amazing quality😍👌

🔯100% value for money👍👍

🔯must buy

🔯before time delivery by amazon👌👌👍",
Amazon Customer,Overall good product,4.0 out of 5 stars,"Reviewed in India on November 5, 2019",Verified Purchase,Nice product.. started using on the 1st day itself. Very comfortable and the jars are also of good quality and thick. Hope the motor continues to work good on a long term basis,
Asif aktar,Nice,4.0 out of 5 stars,"Reviewed in India on May 30, 2021",Verified Purchase,Totally satisfied,
Ejaz,Worst .,1.0 out of 5 stars,"Reviewed in India on December 6, 2018",Verified Purchase,It is not even properly grinding simple fruits so returned.,
Alekha Chandra malik,Good,5.0 out of 5 stars,"Reviewed in India on March 16, 2022",Verified Purchase,So good working,
Saurav Roy,Even replacement is also defective.,1.0 out of 5 stars,"Reviewed in India on October 21, 2021",Verified Purchase,Video Player is loading.,
Praveen Jayaprakash,Very bad,5.0 out of 5 stars,"Reviewed in India on July 4, 2021",Verified Purchase,Damaged after 10 days of use  . Now waiting service Center response. Never purchase this,
Amazon Customer,Not very good,3.0 out of 5 stars,"Reviewed in India on August 18, 2021",Verified Purchase,Light weight container,One person found this helpful
Shailendra Kumar Baitha,Micxer is not runnig,1.0 out of 5 stars,"Reviewed in India on March 18, 2022",Verified Purchase,,
Anurag T,Excellent product,4.0 out of 5 stars,"Reviewed in India on January 6, 2021",Verified Purchase,"Excellent product
Working fine",
Bhaskar Joshi,Good grinder under @2000!,5.0 out of 5 stars,"Reviewed in India on November 20, 2019",Verified Purchase,I bought this product in Diwali offer of 2019 and found no issues so far. Good product in this price range.,
SUPRIYO SARKAR,Received without spatula,1.0 out of 5 stars,"Reviewed in India on October 10, 2020",Verified Purchase,"Product received without spatula, customer care confirmed that this product comes without spatula,so before purchase think about it.",
Rajesh sharma,1jar was broken very bad product. I am feeling not gud,1.0 out of 5 stars,"Reviewed in India on June 27, 2021",Verified Purchase,I am not like for this item. 1 jar was broken I am not accepted for amazon. I am feeling not for amazon.,
Aditya sinha,Best quality,4.0 out of 5 stars,"Reviewed in India on April 14, 2022",Verified Purchase,Nice product,
Rohit shaw,Happy,5.0 out of 5 stars,"Reviewed in India on February 15, 2021",Verified Purchase,Nice quality.,
Shyam Tiwari,Mixer grinder was ggod purchase,5.0 out of 5 stars,"Reviewed in India on February 14, 2019",Verified Purchase,"This low cost mixer grinder is good purchase and good value for money.

I recommend it.",
Suvam Nandi,Nice,4.0 out of 5 stars,"Reviewed in India on June 4, 2020",Verified Purchase,Nice...go for it.,
Komal,Easy to use,5.0 out of 5 stars,"Reviewed in India on October 18, 2019",Verified Purchase,Beautiful design. Quick and easy in use.,
rajesh,Very powerful mixer grinder.,5.0 out of 5 stars,"Reviewed in India on April 9, 2019",Verified Purchase,"It is too powerful.It is easy to clean, easy to use.",
Satyajit Dasgupta,Good - time will test durability.,4.0 out of 5 stars,"Reviewed in India on November 22, 2018",Verified Purchase,Value for money. Time will tell about its longevity.,
Abhishek Thakur,Damaged parts,2.0 out of 5 stars,"Reviewed in India on May 29, 2021",Verified Purchase,It's ok but a part of it was damaged not that good than I thought .,
Rajendra Kumar nayak,Not good,1.0 out of 5 stars,"Reviewed in India on December 16, 2021",Verified Purchase,Not good,
Rishabh Nath,Easy to use & reliable,5.0 out of 5 stars,"Reviewed in India on September 8, 2020",Verified Purchase,It has a blender a grinder and a chutney jar.Easy to use and easy to clean; it's a steal at 2000 bucks,
mukesh kumar sharma,nice product in the value,5.0 out of 5 stars,"Reviewed in India on May 25, 2018",Verified Purchase,since last a few days of purchase the mixer is working perfectly. nice product in the value.,
N Vishnu Nampoothiri,Easy to handle,4.0 out of 5 stars,"Reviewed in India on November 3, 2020",Verified Purchase,It is a good product considering its price,
Ramavtar Sangwa,Very good product by bajaj 👏,4.0 out of 5 stars,"Reviewed in India on June 3, 2021",Verified Purchase,"It's a good product. Powerful, little bit noise but OK 👌.  If you want mixer around 2000 blindly go for it.",
Neha Yadav,i would give poor for this product,2.0 out of 5 stars,"Reviewed in India on November 10, 2021",Verified Purchase,sound level is not good..so i want to return it how can i contact to the customer care,
R.Sinha,Value for money.,5.0 out of 5 stars,"Reviewed in India on November 11, 2019",Verified Purchase,Very well designed.,
Priya V.,Amazing product 😍,5.0 out of 5 stars,"Reviewed in India on June 23, 2020",Verified Purchase,Well Bajaj always have good products this mixer grinder is worth in this price go for it,
Abhishek,Good.,3.0 out of 5 stars,"Reviewed in India on August 14, 2019",Verified Purchase,"Noise is high,  for smooth grind hv to switch to more time",
Pragma Kar,Beoken lid,1.0 out of 5 stars,"Reviewed in India on July 2, 2021",Verified Purchase,One of the lids is broken. And I can't return it as it has been unboxed.,
Amerinenisrao,light weight,1.0 out of 5 stars,"Reviewed in India on July 16, 2019",Verified Purchase,company gives low quality cable & other accessories,One person found this helpful
Naseem Siddiqui,Good,4.0 out of 5 stars,"Reviewed in India on November 6, 2020",Verified Purchase,Easy to use,
Arnab Mandal,Budget mixer,5.0 out of 5 stars,"Reviewed in India on November 24, 2019",Verified Purchase,Like the overall quality,
ANKIT ADHANA,Average product in this range,4.0 out of 5 stars,"Reviewed in India on July 20, 2019",Verified Purchase,Average product build quality is slightly not good,
PARAMJEET,One star,5.0 out of 5 stars,"Reviewed in India on December 31, 2017",Verified Purchase,The product did not last for nine months. The portion shown in the photo broke twice in this period.,
Vikram,Exilant products and thanks to Amazon,5.0 out of 5 stars,"Reviewed in India on October 21, 2019",Verified Purchase,Exilant products and packaging..... Good work...,
ARIJIT DAS,Awesome experience,5.0 out of 5 stars,"Reviewed in India on October 26, 2020",Verified Purchase,Excellent product,
DA99,Easy to use,5.0 out of 5 stars,"Reviewed in India on June 29, 2022",Verified Purchase,Good for day to day work,
SHARAD KUMAR PANDEY,Very nice market price it's low prices,5.0 out of 5 stars,"Reviewed in India on May 28, 2021",Verified Purchase,Very very nice👍👏,
PAUL WILLIAMS,Good product,5.0 out of 5 stars,"Reviewed in India on August 5, 2019",Verified Purchase,"It's a very good product, I have tried grinding dry and wet spices, idli batter, etc result is great, motor is good. Only the noise if it can be reduced. Over all its awesome",
Prativa mishra,Return item,1.0 out of 5 stars,"Reviewed in India on June 13, 2021",Verified Purchase,This us not working after a use of 4 month....how to replace????,
Gaurav Sharan,Product is average,4.0 out of 5 stars,"Reviewed in India on October 31, 2019",Verified Purchase,Product is good but u can buy it offline also as a same price,
Subhasish Mondal,Good,5.0 out of 5 stars,"Reviewed in India on December 29, 2021",Verified Purchase,Good,
JUBAIR ALAM,Don't buy from cloudtail india,4.0 out of 5 stars,"Reviewed in India on November 11, 2018",Verified Purchase,plz don't buy from cloudtail india bcz my one jaar is not working,
G.G,Good Product,4.0 out of 5 stars,"Reviewed in India on June 28, 2018",Verified Purchase,You get what you pay for and in that sense it’s absolutely fine.,
indrakesh singh,Good,5.0 out of 5 stars,"Reviewed in India on March 19, 2020",Verified Purchase,Good,
Surajit,Good,5.0 out of 5 stars,"Reviewed in India on October 28, 2021",Verified Purchase,Good product,
Gouri C.,Amazing,5.0 out of 5 stars,"Reviewed in India on June 16, 2020",Verified Purchase,Amazing product!,
Kushboo Tated,Do not purchase,1.0 out of 5 stars,"Reviewed in India on May 21, 2020",Verified Purchase,"When I was doing the batter of idli  it stoped in between and it's not working, please don't purchase it",One person found this helpful
Anindita Paul,Good product,5.0 out of 5 stars,"Reviewed in India on November 3, 2019",Verified Purchase,Reasonable price and easy to use,
Venkatsuresh,Great and shiny.,5.0 out of 5 stars,"Reviewed in India on December 15, 2018",Verified Purchase,It looks great and shiny. Works good and well. We can easily clean it. Received the product earlier than expected date. Overall good.,
Atanu Dey,Good product for home,5.0 out of 5 stars,"Reviewed in India on December 5, 2019",Verified Purchase,Good but to much noise.,
pankaj singh pokhariya ,Go for it,5.0 out of 5 stars,"Reviewed in India on March 7, 2019",Verified Purchase,"Awesome product still using it ,more than twk years now",
Tapas Dey,Very good,5.0 out of 5 stars,"Reviewed in India on June 26, 2022",Verified Purchase,Very good,
RADHAKRISHNAN,Never purchase this product.,1.0 out of 5 stars,"Reviewed in India on May 29, 2019",Verified Purchase,Louder noise. Jars are very low quality I think the jars are malproducts. Jars will be damaged in three months usage. Never purchase this product.,
Abhishek Ugale,Quality good but noisy,5.0 out of 5 stars,"Reviewed in India on November 15, 2020",Verified Purchase,Too much noise,
Amazon Customer,okay,3.0 out of 5 stars,"Reviewed in India on March 16, 2020",Verified Purchase,good,
Nitesh Verma,Good product,5.0 out of 5 stars,"Reviewed in India on July 9, 2019",Verified Purchase,AMAZING product.  My wife loves it.,
vanishree,Very Bad product.,1.0 out of 5 stars,"Reviewed in India on November 15, 2020",Verified Purchase,"Only one suggestion ,, not to buy when it is less price.",
Abdul kaleem,Package is different and received different,3.0 out of 5 stars,"Reviewed in India on November 29, 2020",Verified Purchase,"Package is different and received different
Image shown is REX 500 but received different no such RX 500 Written on it",
Hashmita Mistri,Sturdy & Value for Money!,5.0 out of 5 stars,"Reviewed in India on June 4, 2021",Verified Purchase,Did not expect it'd be that good for the amount of Money we're paying. We're very happy with the product!,
a t u l s b 6 5 9 5,Worth products,5.0 out of 5 stars,"Reviewed in India on June 7, 2021",Verified Purchase,This is Bajaj Grinder mix no kore noice and quality products..... worth to buy,
Amazon Customer,Defective product,1.0 out of 5 stars,"Reviewed in India on June 12, 2020",Verified Purchase,"I received defective product from Cloudtail seller. It doesn't work at all, the speed button pops out and doesnt work.",
Jaydeep,Nice product,5.0 out of 5 stars,"Reviewed in India on March 13, 2022",Verified Purchase,It is a very useful product,
Chirag Dhingra,Fraud seller,1.0 out of 5 stars,"Reviewed in India on January 17, 2020",Verified Purchase,"The product I received is used by someone,it's not new and is broken.
Never trust the product and the seller",One person found this helpful
SVSG,Four Stars,4.0 out of 5 stars,"Reviewed in India on October 16, 2017",Verified Purchase,"This was gifted by me to someone,and they are ok with this",One person found this helpful
Shilpa Ghosh,Nice,5.0 out of 5 stars,"Reviewed in India on July 4, 2019",Verified Purchase,Good quality product ..Like this,
Amazon Customer,incomplete product provided,1.0 out of 5 stars,"Reviewed in India on August 26, 2019",Verified Purchase,the jars covers are missing. kindly provide jar covers,
BABU,Good,5.0 out of 5 stars,"Reviewed in India on February 26, 2021",Verified Purchase,Good product,
Amazon1,little noisy but value for money,4.0 out of 5 stars,"Reviewed in India on November 20, 2019",Verified Purchase,overall good product,
Nungleppam premkumar,Pk,5.0 out of 5 stars,"Reviewed in India on May 10, 2021",Verified Purchase,Easy,
Arunish raj,Damaged product,2.0 out of 5 stars,"Reviewed in India on May 4, 2021",Verified Purchase,I have received a broken product. Its also too noisy to operate.not working properly.,
ᏒᕱϳКuოᕱᏒ Ꮥᕱ♅u,good ...go for it.,5.0 out of 5 stars,"Reviewed in India on June 27, 2022",Verified Purchase,branded and service centre available pan india,
Y. Aakash,Good Budget buy,5.0 out of 5 stars,"Reviewed in India on April 14, 2019",Verified Purchase,Very handy and quick with provide motor. Works really well if used properly.,
Sagar,Quality so good,5.0 out of 5 stars,"Reviewed in India on November 18, 2018",Verified Purchase,Quality is very good and easy to use and easy to clean,
Satyanath Patra,Overall good,4.0 out of 5 stars,"Reviewed in India on February 22, 2022",Verified Purchase,Three jars are little smaller then expected.. rest are good.,
Yusra S.,Makes Noice and don't do the things finer...,4.0 out of 5 stars,"Reviewed in India on April 1, 2021",Verified Purchase,"Yeahh it makes noice and doesn't make things finer.
It's kind of OK, jst bcz of it's price.",
Anish singh,Not fully satisfied,1.0 out of 5 stars,"Reviewed in India on October 31, 2018",Verified Purchase,"Small jar has only 2 blades, which is not sufficient. There should be 4 blades in each and every jar. You can't grind jinger and garlic paste in single time.",One person found this helpful
Shivaji londhe,Nice product,5.0 out of 5 stars,"Reviewed in India on July 6, 2021",Verified Purchase,Very nice product,
rohit singh lohia,easy to clean product quality done but not powerful mixi,4.0 out of 5 stars,"Reviewed in India on January 20, 2019",Verified Purchase,easy to clean product quality done but not powerful mixi,
Sarju Thakkar,Take minimal effort,4.0 out of 5 stars,"Reviewed in India on July 24, 2020",Verified Purchase,Its nice to use bajaj products,
Shilpa chander,Satisfied.,5.0 out of 5 stars,"Reviewed in India on March 17, 2019",Verified Purchase,Best Nd easy to use.  Definately purchase,
Sandip Panja,Nice product,5.0 out of 5 stars,"Reviewed in India on July 10, 2020",Verified Purchase,Nice product,
Rahul Kashyap,Good product.,5.0 out of 5 stars,"Reviewed in India on June 14, 2020",Verified Purchase,nice product.,
Rajesh Kumar Dhiani,very good mixer grinder in this price market price is 1950/- ...,5.0 out of 5 stars,"Reviewed in India on October 20, 2017",Verified Purchase,very good mixer grinder in this price market price is 1950/-  but amazon price 1699/- good . nice product bajaj mixer good speed motor . coutdown service good,One person found this helpful
Amazon Customer,Good,5.0 out of 5 stars,"Reviewed in India on June 25, 2020",Verified Purchase,Good,
Amazon Customer,Good,4.0 out of 5 stars,"Reviewed in India on July 31, 2020",Verified Purchase,Good,
nikunj karia,Good product,5.0 out of 5 stars,"Reviewed in India on March 3, 2020",Verified Purchase,Good product. Value for money.,
Amazon Customer,"It’s not working, purchase today only",1.0 out of 5 stars,"Reviewed in India on August 20, 2021",Verified Purchase,Very very worst product don’t buy this product,
vidhya G,Beautiful and wonderful products,5.0 out of 5 stars,"Reviewed in India on September 19, 2020",Verified Purchase,"I like this product, model structure very good, quality normally designed easy to clean but spatulas not received else products is very good",
Arshid,Works like a Charm,5.0 out of 5 stars,"Reviewed in India on April 4, 2019",Verified Purchase,Works perfectly...Not that much noisy....Easy to clean ...Attachments are spacious,
Athira S,Perfect product,5.0 out of 5 stars,"Reviewed in India on October 24, 2020",Verified Purchase,Good one.,
Nehal Kidwai,Worth buying,5.0 out of 5 stars,"Reviewed in India on February 14, 2019",Verified Purchase,Beat Price.... reliable Brand..hassle free,
Pinki bhatia,Awesome,5.0 out of 5 stars,"Reviewed in India on September 15, 2019",Verified Purchase,"Love the grinder,  makes kitchen life easy",
Nilam Kalita,internally damaged product,2.0 out of 5 stars,"Reviewed in India on November 30, 2015",Verified Purchase,Bakwas product ... Got Damaged ... Make too much sound and some times electricity connection losses .... Product delivered in good condition but after 2 days it start make unbearable sounds .....,
Hemang,Good product,4.0 out of 5 stars,"Reviewed in India on March 6, 2019",Verified Purchase,"Very good product, but 2 jar more noisey.
I think it's new part.",One person found this helpful
Jyotirmoy Debnath,Inadequate,1.0 out of 5 stars,"Reviewed in India on May 29, 2020",Verified Purchase,Expected 6 blades for juicer jar of 1.2L but unfortunately its 4 blades when purchasing online and no sharpness at all making it tough to blend.,
Amazon Customer,Not Good. It worked fine for first 3-4 months but ...,1.0 out of 5 stars,"Reviewed in India on May 22, 2017",Verified Purchase,Not Good. It worked fine for first 3-4 months but later all jars are not fitting into mixer. Changed Jar also but same issue again.,One person found this helpful
Amazon Customer,very nice product.,5.0 out of 5 stars,"Reviewed in India on February 10, 2020",Verified Purchase,very nice product in this price range.,
RAJ KUMAR SINGH,Poor quality Mixer Grinder.,1.0 out of 5 stars,"Reviewed in India on October 22, 2020",Verified Purchase,"Gear broken in first use, poor quality. Bajaj Customer care deny to replace part even if you use first use. Seems Manufacturing defect.",
Abhi,Good product,4.0 out of 5 stars,"Reviewed in India on June 10, 2020",Verified Purchase,"Good product, value for money
There r cheaper options available but i am happy to pay few hundred to get good product like this",
Puchka,Value for money!,5.0 out of 5 stars,"Reviewed in India on January 29, 2016",Verified Purchase,Decent for the price. I would recommend this to all who need have a budget of less than 2k. Have been using it for two months. No problems as of yet.,
Vik Rathi,Very good,5.0 out of 5 stars,"Reviewed in India on May 8, 2019",Verified Purchase,Bought this for mom. She loves it.,
Amazon Customer,Good product,5.0 out of 5 stars,"Reviewed in India on November 8, 2019",Verified Purchase,Very good product of Bajaj,
sachin sabban,Nice product,5.0 out of 5 stars,"Reviewed in India on January 21, 2022",Verified Purchase,Perfect product for daily use...,
NAYAN MONI BORA,Go for it,4.0 out of 5 stars,"Reviewed in India on August 26, 2017",Verified Purchase,A good quality product from Indian band. Im very satisfy with the product.PAISA BOSHUL,
Vijay taur,Best for this price range,5.0 out of 5 stars,"Reviewed in India on November 20, 2021",Verified Purchase,I'm using it for 6 months now . Excellent product,
Moinuddin,Useful product,5.0 out of 5 stars,"Reviewed in India on June 15, 2021",Verified Purchase,Very Useful piece of kitchen ware. Now my kitchen is complete,
Nishat,Good Product but very noisy,4.0 out of 5 stars,"Reviewed in India on April 10, 2019",Verified Purchase,I can give it 5 stars if it was less noisy.,
Ashutosh Upadhyay,Good product for the price!,5.0 out of 5 stars,"Reviewed in India on June 5, 2019",Verified Purchase,"Nice and easy to use in a compact kitchen,",
ravi teja,Jars not a good quality,3.0 out of 5 stars,"Reviewed in India on September 15, 2020",Verified Purchase,"we have received Jar's very delicate items, very poor quality",
sharada,Not good product,1.0 out of 5 stars,"Reviewed in India on April 4, 2019",Verified Purchase,"Didn't like this product as it takes a lot of time to grind wet paste, annoying sound, you have to keep operating for it to grind wet.",
Avijit,Very Good product,4.0 out of 5 stars,"Reviewed in India on November 3, 2019",Verified Purchase,Very Good product,
Vidyasagar,Thank you for this mixture,5.0 out of 5 stars,"Reviewed in India on June 15, 2020",Verified Purchase,Good product.,
Saurabh,Grinder,5.0 out of 5 stars,"Reviewed in India on October 21, 2019",Verified Purchase,Easy to Clean & Use. Best for all tough parts to grind.,
Tanmoy Sadhukhan,Two Stars,2.0 out of 5 stars,"Reviewed in India on April 1, 2017",Verified Purchase,The worst Grinder ever I used. Blades aren't such good to grind jira or garam masala. Too bad.,
Amazon Customer,Value for money,5.0 out of 5 stars,"Reviewed in India on November 5, 2019",Verified Purchase,Value for money,
ANJAN BARUA,Not reliable.,1.0 out of 5 stars,"Reviewed in India on January 17, 2021",Verified Purchase,In 3 months the mixie has gone out of order. Poor product.,
Kalyani kabra,Good,4.0 out of 5 stars,"Reviewed in India on July 28, 2020",Verified Purchase,This is nice product . I am satisfied.but I didn't received spatula with it . And it is mention on product that it is with it.,
Rupam singh,Not worth purchase,1.0 out of 5 stars,"Reviewed in India on October 18, 2019",Verified Purchase,This product is not worth a purchase. It eventually had issues of throwing up content placed within. Lots of work post spillage,
Nikhil,T,1.0 out of 5 stars,"Reviewed in India on December 26, 2021",Verified Purchase,Very very noisefull too much sound .I can't explain but I don't like this .,
ROHIT KUMAR,Good,5.0 out of 5 stars,"Reviewed in India on March 6, 2022",Verified Purchase,Good,
Emdadul,Five Stars,5.0 out of 5 stars,"Reviewed in India on February 3, 2018",Verified Purchase,"Super duper hit, keep it up Amazon, my second partner Amazon.... Thanks",
Farheen Hussain,mixer,2.0 out of 5 stars,"Reviewed in India on November 22, 2020",Verified Purchase,product was nt good it was defected,
Abdul J.,50/50 sufficient mixer grinder,4.0 out of 5 stars,"Reviewed in India on September 10, 2019",Verified Purchase,It's good not but not very powerful,
Amazon Customer,Parking,4.0 out of 5 stars,"Reviewed in India on September 30, 2021",Verified Purchase,कम से कम amazon को अपनी packing पर ध्यान देना चाहिए. Cover packing होनी चाहिए,
sudhakar,the product is not good quality,1.0 out of 5 stars,"Reviewed in India on January 28, 2021",Verified Purchase,not much good quality in frequency manner burning cable and jars don't buy this not worthy even for this price,
Tanu,Mixer makes too much noise,1.0 out of 5 stars,"Reviewed in India on August 9, 2019",Verified Purchase,It's making to much noise,
Brindaban Ojha,Nice product 👍👍,4.0 out of 5 stars,"Reviewed in India on April 3, 2021",Verified Purchase,Nice product in this price range 👍👍👍👍,
Nikhil,Received a Non functional mixer,1.0 out of 5 stars,"Reviewed in India on September 18, 2020",Verified Purchase,"Received a NON FUNCTIONAL bajaj mixer and the jar lid was Broken.
The shipping box was in very condition.",
Amazon Customer,Good choice,5.0 out of 5 stars,"Reviewed in India on October 30, 2018",Verified Purchase,Very compact one...less space is required...very good for small kitchen,
Jancy Thomas,Cheating,1.0 out of 5 stars,"Reviewed in India on July 17, 2021",Verified Purchase,"Never seen a product like this 🙂...
I think company has made it to cheat the coustomer...",
Hemnt Verma,Its a Good Deal,5.0 out of 5 stars,"Reviewed in India on January 30, 2019",Verified Purchase,"Durable to use, best in this price range.",
Mohini,Go for it,5.0 out of 5 stars,"Reviewed in India on February 1, 2021",Verified Purchase,Go for it,
S,Don't buy,2.0 out of 5 stars,"Reviewed in India on September 3, 2021",Verified Purchase,Don't buy,
Niraj chovatiya,great,5.0 out of 5 stars,"Reviewed in India on October 30, 2020",Verified Purchase,good,
Ranveer kumar,Osm mixer grinder low prices and lov this brand,5.0 out of 5 stars,"Reviewed in India on February 23, 2022",Verified Purchase,Osm product and I love this brand,
Ankit Jain,Stop working in one month,1.0 out of 5 stars,"Reviewed in India on November 21, 2021",Verified Purchase,Stop working in one month,
Basudeb Rakshit,Best in segment and in price.,5.0 out of 5 stars,"Reviewed in India on June 30, 2021",Verified Purchase,Worth buying.,
julianraj s,Super,5.0 out of 5 stars,"Reviewed in India on June 18, 2021",Verified Purchase,Really good,
Sudhansu Bhusan,Awesome product.,5.0 out of 5 stars,"Reviewed in India on June 13, 2019",Verified Purchase,Product is awesome even after using for 2 years.,
Mr. Ranjan,Four Stars,4.0 out of 5 stars,"Reviewed in India on November 12, 2014",Verified Purchase,This was awesome... Delivery time was also good. And product is very good. Do everything whatever mentioned in specification.,
Anjani Kumar Mishra,Great purchase,4.0 out of 5 stars,"Reviewed in India on January 4, 2022",Verified Purchase,Greate deal with the best quality,
Ravindra Gandhi,Works fine. Great item for the price,5.0 out of 5 stars,"Reviewed in India on January 15, 2015",Verified Purchase,Works fine.Great item for the price. Improvement can be made for noise reduction while working..it's a bit noisy. But overall a good product.,
sakhshi Priya,Can buy,4.0 out of 5 stars,"Reviewed in India on November 20, 2019",Verified Purchase,Good but not excellent,
Sonia,Duplicate jars,3.0 out of 5 stars,"Reviewed in India on March 1, 2021",Verified Purchase,"Pakage was already opened
Motor is orignal orinal Bajaj but jars are replaced to local jars",
Bikash Mishra ,Fine but produces terribly loud noise,3.0 out of 5 stars,"Reviewed in India on December 7, 2018",Verified Purchase,If I am to define this machine it would be a noise making machine rather than a grinder.. After few months of usage it started making terrible noise..,
Newesh Kumar,Bad strength of material,2.0 out of 5 stars,"Reviewed in India on May 18, 2020",Verified Purchase,The strength of the blade is very weak. It takes so much of time to crush the raw materials .,
tinku,Very good,5.0 out of 5 stars,"Reviewed in India on July 19, 2021",Verified Purchase,Overall ok,
Raj kanojia,what's the product,4.0 out of 5 stars,"Reviewed in India on October 29, 2020",Verified Purchase,the product was really very good  i like this mixer grinder but the jar quantity was not so good but it's ok and,
Avinash kharat,All ok but juicer pot is not useful.,3.0 out of 5 stars,"Reviewed in India on July 30, 2019",Verified Purchase,"It's easy to use , working smoothly,but juicer pot even doesn't crush banana that's worst thing. Small pot makes better juice than juicer pot..",
Rajiv Kurup,Do not buy the product,1.0 out of 5 stars,"Reviewed in India on May 27, 2020",Verified Purchase,Very poor products does not start. Manufacturing defects not checked before dispatch,
Aqueel Akhter,Worthy Product,5.0 out of 5 stars,"Reviewed in India on January 8, 2020",Verified Purchase,Using from 8 months and no complaint yet. Worthy Product,
Vijaykumar Kumar,Chalu nahi ho raha he,2.0 out of 5 stars,"Reviewed in India on February 6, 2022",Verified Purchase,Video Player is loading.,
Imtimar lemtur,defective product,1.0 out of 5 stars,"Reviewed in India on January 26, 2016",Verified Purchase,"got a defective product. the jar blades won't move? how they expect me to grind if the blades won't rotate? a joke? sending for replacement, will see how they handle it.",
BKN,Three Stars,3.0 out of 5 stars,"Reviewed in India on February 27, 2018",Verified Purchase,too noisy but works fine. I expected the finish of the product better,
sutirtha jana,Great deal,5.0 out of 5 stars,"Reviewed in India on June 28, 2019",Verified Purchase,Good product in this price range,
Md sakil,Very good product in this price,5.0 out of 5 stars,"Reviewed in India on February 12, 2018",Verified Purchase,I like this product so much because bajaj is so good and reputated company and I use this mixer grinder 1 months its really satisfied with me you can not find anywhere like this product in this price range,
Matin Pathan,Perfect Product But More Noise in running,4.0 out of 5 stars,"Reviewed in India on August 24, 2017",Verified Purchase,It's very good product but one Big Disadvantage is Noise and the blades.Making too much noise but working wonderful except noise everything is best.,
Tarush,Best grinder,5.0 out of 5 stars,"Reviewed in India on November 10, 2018",Verified Purchase,"Best in this price range
Price-10/10
Grinding-9/10
Noise is bit high but every mixers does that.
In this mixer the best thing is it has overload auto cutoff it will increase the life of the machine.",
Pintu kumbhakar,Good,4.0 out of 5 stars,"Reviewed in India on January 11, 2022",Verified Purchase,Good,
deepak j,Issues in just 3 Months use,1.0 out of 5 stars,"Reviewed in India on November 24, 2019",Verified Purchase,Issues in just 3 Months use,
vikram,"Jaar ltd is too lose,push on ltd by  hand  then i use",2.0 out of 5 stars,"Reviewed in India on November 18, 2019",Verified Purchase,Jar ltd is too lose,
kalyansanthosh,Superb,5.0 out of 5 stars,"Reviewed in India on June 17, 2022",Verified Purchase,Buy in 2017 no issues 2022,
anjali,It's ok kinds ... Not sure if I could get something better'in 2k,3.0 out of 5 stars,"Reviewed in India on April 1, 2019",Verified Purchase,The smallest Jar leaks wen use it for liquids,
rony,Parts are damage within 1 month,1.0 out of 5 stars,"Reviewed in India on January 19, 2022",Verified Purchase,I only use this 2-3 times and parts are automatically damage,
Saranya n.,Not worth,1.0 out of 5 stars,"Reviewed in India on March 25, 2021",Verified Purchase,Really bad experience I had.. when I received product its was not working.. again I replaced it was burned...,
venu,poor quality product comes with immediate failure,1.0 out of 5 stars,"Reviewed in India on July 28, 2020",Verified Purchase,worst quality. it didnt worked even for a month. amazon is loosing its value by transacting these kind of low quality products for customers.,
Heena,Great,5.0 out of 5 stars,"Reviewed in India on December 21, 2017",Verified Purchase,The mixer is good enough. 500 watt is what makes it a must buy. The motor of mixer is powrful. It comes with three different sizes of jars.,
Amazon Customer,Harrased!,1.0 out of 5 stars,"Reviewed in India on May 16, 2017",Verified Purchase,Damaged product delvered.extremely poor packaging.Requested for a replacement,One person found this helpful
Ravi,Very good,4.0 out of 5 stars,"Reviewed in India on March 10, 2020",Verified Purchase,"Good product by Bajaj , good experience for using it . You can go for it .",
Shahjade khan,Very good product,3.0 out of 5 stars,"Reviewed in India on January 24, 2020",Verified Purchase,Good product,
Amazon Customer,love it,5.0 out of 5 stars,"Reviewed in India on February 1, 2021",Verified Purchase,thanks,
pankaj kumar,WORST PURCHASE EVER.,1.0 out of 5 stars,"Reviewed in India on January 29, 2021",Verified Purchase,Worst product i think duplicate. Non of of the jar is even mixing banana. Very disappointed.,
Abdulla Thaha,Normal,4.0 out of 5 stars,"Reviewed in India on April 22, 2017",Verified Purchase,The Mixie works now as expected. But I don't know how long it will.,One person found this helpful
George Fernandes,product is very good for the price you pay.,4.0 out of 5 stars,"Reviewed in India on June 10, 2020",Verified Purchase,I liked it as it is compact. Mango or Chico milk shake the pieces remain solid itself It does not give a smooth consistency.I like the colour white.,
Shivam,This product really good and as compare to other seller price its so ...,5.0 out of 5 stars,"Reviewed in India on March 30, 2017",Verified Purchase,"This product really good and as compare to other seller price its so cheap i think this was my best deal.

Thank you so much!!",One person found this helpful
Saurabh agrawal,I am not satisfied with the jar.,2.0 out of 5 stars,"Reviewed in India on July 25, 2020",Verified Purchase,Mixer is good but jar is no working well specially big one; first jar is not grind anything. It's very disappointed.,
Imsanenla,Worth buying,5.0 out of 5 stars,"Reviewed in India on October 7, 2020",Verified Purchase,Go for it.... It's a good product,
Ravi Kumar Singh,Baja Rex mixer grinder 500 wat,5.0 out of 5 stars,"Reviewed in India on December 23, 2020",Verified Purchase,"It is going great, no problem has come so far, baja mixer is good",
Dr. Deepali,Useless,1.0 out of 5 stars,"Reviewed in India on July 23, 2018",Verified Purchase,"This doesn't even ground nuts properly.
Don't buy.",
Manojkumar,Jar lids were missing  they didn’t even respond to pick up,1.0 out of 5 stars,"Reviewed in India on May 9, 2022",Verified Purchase,,
Anirban Majumder,value for money..,4.0 out of 5 stars,"Reviewed in India on December 5, 2019",Verified Purchase,good product but noise level is high..,
harshu,Budget friendly but too noisy,3.0 out of 5 stars,"Reviewed in India on November 29, 2021",Verified Purchase,Budget friendly but too noisy,
Shamama parween,Nice product,5.0 out of 5 stars,"Reviewed in India on July 20, 2019",Verified Purchase,Very nice easy to use..sound not very high..i like the product..thankyou amazon...,
Arup Das,Design Flaw for the lids,3.0 out of 5 stars,"Reviewed in India on May 24, 2019",Verified Purchase,The edges of the lids are sharp and it hurts while opening it from the jar,
Aditya,Easy to use with good quality,5.0 out of 5 stars,"Reviewed in India on November 26, 2018",Verified Purchase,The overall quality is good and i really like this product!,
Aman kumar,Excellent product,5.0 out of 5 stars,"Reviewed in India on November 15, 2017",Verified Purchase,I am giving review after 2 year use..this is a good product of bajaj at this price,One person found this helpful
Poonam,The product is so so as it heats up if ...,3.0 out of 5 stars,"Reviewed in India on September 13, 2016",Verified Purchase,The product is so so as it heats up if grinder is used for grinding the garam masala at home,
Ramendra pratap,Good product in this price,4.0 out of 5 stars,"Reviewed in India on January 27, 2022",Verified Purchase,Easy to use and good product,
M Rahman,Bajaj products are always good,5.0 out of 5 stars,"Reviewed in India on May 1, 2019",Verified Purchase,"Satisfied, using it almost every week",
Dhivakar Durairaj,Good,4.0 out of 5 stars,"Reviewed in India on July 20, 2019",Verified Purchase,Low cost better performance,
Gaurav khanna,Damaged product,2.0 out of 5 stars,"Reviewed in India on December 3, 2020",Verified Purchase,Video Player is loading.,
SSB,The product is quite good and powerful,5.0 out of 5 stars,"Reviewed in India on June 8, 2015",Verified Purchase,The product is quite good and powerful.. But it only have one container contrary to the two shown in the pic..,
Rudra Samal,Value For Money,5.0 out of 5 stars,"Reviewed in India on October 2, 2019",Verified Purchase,Value For Money,
Duata Hmar,Good,5.0 out of 5 stars,"Reviewed in India on May 29, 2020",Verified Purchase,Easy to use,
Rahul Kumar,Good,5.0 out of 5 stars,"Reviewed in India on January 22, 2020",Verified Purchase,Good,
Mukesh Agarwal,Very nice product,5.0 out of 5 stars,"Reviewed in India on September 11, 2019",Verified Purchase,Nice and resonaable price,
Appy,Defective jar received,1.0 out of 5 stars,"Reviewed in India on February 2, 2019",Verified Purchase,Received a defective jar. Disappointed,
Ujjwal sinha,"Bought it for 2055₹ , good product , can go for it",4.0 out of 5 stars,"Reviewed in India on August 11, 2020",Verified Purchase,Good product,
Bhanu Prakash,"Very noisy, jar heats up",1.0 out of 5 stars,"Reviewed in India on June 11, 2021",Verified Purchase,"Very noisy, jar rubber is heating up when using it and jar is getting locked... terrible",
Madhummurthy Gangarapu,Helping to me,4.0 out of 5 stars,"Reviewed in India on November 5, 2019",Verified Purchase,Good to have,
Limakrishna Bora,Don't buy,1.0 out of 5 stars,"Reviewed in India on October 4, 2020",Verified Purchase,Don't buy this product. After one & half month when the return time closed then it will be unservicable. Worst & duplicate product.,
yang,Wire is short,1.0 out of 5 stars,"Reviewed in India on April 9, 2022",Verified Purchase,The wire Provided is very small,
Keshav Shinde,Great product,5.0 out of 5 stars,"Reviewed in India on August 11, 2019",Verified Purchase,Good quality product. Noiseless. Easy to use,
S K SONI,Velue for money,5.0 out of 5 stars,"Reviewed in India on November 21, 2019",Verified Purchase,Velue for money,
Vijay,Gets trouble with product,3.0 out of 5 stars,"Reviewed in India on March 2, 2020",Verified Purchase,"Trouble with motor after 1 month.

But service of Bajaj is too good.
Got for RS.1880",
Tinku,Good 👍,4.0 out of 5 stars,"Reviewed in India on December 3, 2021",Verified Purchase,Best product & right  choice for our work thank you Amazon 😊 🙏,
Sikta Banerjee,Very good product,5.0 out of 5 stars,"Reviewed in India on February 10, 2020",Verified Purchase,Good product. I recommend it highly.,
Amit Adhikary barddhaman,Awesome 👍,5.0 out of 5 stars,"Reviewed in India on January 21, 2020",Verified Purchase,Awesome,
Prolay biswas,Mixer,1.0 out of 5 stars,"Reviewed in India on June 28, 2022",Verified Purchase,Broken of machine parts,
SHASHI K.,Best and value for money,5.0 out of 5 stars,"Reviewed in India on April 17, 2019",Verified Purchase,Best in this price range .. not found any issue since purchased..,
Pintu Bairagya,Good product,1.0 out of 5 stars,"Reviewed in India on July 20, 2021",Verified Purchase,It is very good for 4th mamber family. Valu of money is this product is very good.,
Chaitanya Sinha,Five Stars,5.0 out of 5 stars,"Reviewed in India on April 1, 2018",Verified Purchase,Sturdy and durable machine. This is the second one I have bought and I am satisfied with the performance.,
M RAHUL SANJAY,Simply supeeb and value dor momey,5.0 out of 5 stars,"Reviewed in India on August 13, 2017",Verified Purchase,Sound is normal and quality feeling worthy.... good looking in size and mighty small and powerfull(similar to theme of mini4 suits it),One person found this helpful
rakesh,Jar not good,5.0 out of 5 stars,"Reviewed in India on July 18, 2020",Verified Purchase,1 jar stop working..chatni jar.blade has loked automatically,One person found this helpful
Sreoshi Ghosh,Good Product,5.0 out of 5 stars,"Reviewed in India on January 31, 2020",Verified Purchase,Easy to use,
Sonasept20,Good,5.0 out of 5 stars,"Reviewed in India on July 28, 2019",Verified Purchase,So far so good. Will edit after 3 months,
"Arun  - Quilon, Kerala /9645583848",As compared to price it's okay,5.0 out of 5 stars,"Reviewed in India on August 13, 2018",Verified Purchase,For small family usage,One person found this helpful
Amazon Customer,Good,5.0 out of 5 stars,"Reviewed in India on June 29, 2021",Verified Purchase,Good,
Dr Pandit,Good Product,5.0 out of 5 stars,"Reviewed in India on October 20, 2019",Verified Purchase,Good Product,
Mohd bilal uddin,Best product in low price,5.0 out of 5 stars,"Reviewed in India on March 8, 2021",Verified Purchase,Gud product it's noise level is normal not too much it's easy to clean also,
John samuel,Small family suitable,3.0 out of 5 stars,"Reviewed in India on June 23, 2019",Verified Purchase,"Normal not ,too powerful",
Sridhar Maity,Excellent,5.0 out of 5 stars,"Reviewed in India on March 11, 2022",Verified Purchase,Easy to clean,
Bhupender Rautela,problem started from first day motor burnt in first use ...,1.0 out of 5 stars,"Reviewed in India on February 25, 2018",Verified Purchase,problem started from first day motor burnt in first use and engineer from Bajaj came in 5 days to replace the same after many phone calls.,
Girish AV,Nice one,4.0 out of 5 stars,"Reviewed in India on March 20, 2021",Verified Purchase,Good product. Looks like durable.,
Raj kumar,Not 8.2bkg like space,4.0 out of 5 stars,"Reviewed in India on June 11, 2022",Verified Purchase,Heavy noise not working when full load,
Nayan Pundkar,Worst product. Never but. Bad grinding.,1.0 out of 5 stars,"Reviewed in India on December 9, 2020",Verified Purchase,Worst grinding quality. Insufficient thickness of pots. Looking cheap. Bleads size is to small. Never buy. Worst product.,
shashi ranjan kumar,Noisy,1.0 out of 5 stars,"Reviewed in India on August 1, 2021",Verified Purchase,Too much noisy,One person found this helpful
Amazon Customer,Replacement required,1.0 out of 5 stars,"Reviewed in India on July 23, 2020",Verified Purchase,"Hi Seller, the motor stopped working. Please replace it",
Amit b.,Useful worth it problem only noise,4.0 out of 5 stars,"Reviewed in India on June 19, 2019",Verified Purchase,Noise level is very high,
Nur mahammad pthan,Good,5.0 out of 5 stars,"Reviewed in India on August 19, 2020",Verified Purchase,Good,
SURAJIT CHAKRABORTY,Nice one,5.0 out of 5 stars,"Reviewed in India on August 31, 2019",Verified Purchase,Good and easy to use product,
vishnu surendran,Damage piece,2.0 out of 5 stars,"Reviewed in India on July 4, 2021",Verified Purchase,Faulty nut and bush,
Sukanya.D,Very problamatic,3.0 out of 5 stars,"Reviewed in India on September 29, 2020",Verified Purchase,It's really very problamatic.  When trying to remove jar from mixer it's not coming. Reslove that issue then only sell this prodct,
nisha,Nice product with great price by Amazon provided low price from other sales emporium,5.0 out of 5 stars,"Reviewed in India on February 4, 2020",Verified Purchase,"Lovely looking and nice work with easy handling ,,,,, nice product n thank 2 Amazon 2 provide me with great discount price 👍",
Amazon Customer,Good,5.0 out of 5 stars,"Reviewed in India on July 24, 2020",Verified Purchase,Value for money,
Abdul Manaan Beigh,Please don’t buy it,1.0 out of 5 stars,"Reviewed in India on November 15, 2018",Verified Purchase,"I never ever have seen getting rust on any juicer mixer if it’s stainless steel . Trust me i am got rust on my juicer.

Pathetic Product.",
vignesh,One word it's not too good but good for this price,3.0 out of 5 stars,"Reviewed in India on November 12, 2020",Verified Purchase,I got on(12 Nov 2020) two pin pluck and it's not properly inserted then wire length short,
Manish Yadav,Dassing....product by bajaj......abhi tak ka sabse best produt,5.0 out of 5 stars,"Reviewed in India on March 31, 2019",Verified Purchase,Dassing....product by bajaj......abhi tak ka sabse best produt,
Tushar Kanti Bose,Great product. Used it for 3 years now,4.0 out of 5 stars,"Reviewed in India on August 17, 2020",Verified Purchase,Great product. Used it for 3 years now,
Ankit kumar,Five Stars,5.0 out of 5 stars,"Reviewed in India on March 28, 2018",Verified Purchase,Good mixer and perfect wattage for all kitchen related tasks. Iam really happy with the mixer.,
Natraj Raj,.,3.0 out of 5 stars,"Reviewed in India on November 23, 2019",Verified Purchase,"The small jar doesn't have a handle to hold for easy grinding. Also, two jars are not up to the mark.",
Pravin singh,Waiting for replacement,2.0 out of 5 stars,"Reviewed in India on May 21, 2020",Verified Purchase,We does not check the working of this because during unboxing we found one of the plastic lid damage and we apply for replacement of it.,
Manish upadhyay,no any issue,5.0 out of 5 stars,"Reviewed in India on January 31, 2018",Verified Purchase,"Using from 6 Months and doing great job, thanks bajaj and Amazon",
Shriya jasrotia,Go for it,4.0 out of 5 stars,"Reviewed in India on June 29, 2020",Verified Purchase,Good one,
Dileep Singh Yadav,Good,4.0 out of 5 stars,"Reviewed in India on October 27, 2019",Verified Purchase,Very good,
Amitabh Gaurav,For this price it's a great buy. Fully satisfied,5.0 out of 5 stars,"Reviewed in India on September 7, 2017",Verified Purchase,I had thought of not buying this having gone through few negative ratings. For this price it's a great buy. Fully satisfied.,One person found this helpful
RASMI RANJAN RATH,Value ok,3.0 out of 5 stars,"Reviewed in India on March 22, 2020",Verified Purchase,Noisy.,
Deepak Goswami,Its usefull Product under the given price.,4.0 out of 5 stars,"Reviewed in India on September 1, 2021",Verified Purchase,It working fine after a year as well.,
Poonam,Good,4.0 out of 5 stars,"Reviewed in India on June 16, 2022",Verified Purchase,Little noisy but good,
Dnyaneshwari Joglekar,Three Stars,3.0 out of 5 stars,"Reviewed in India on August 27, 2017",Verified Purchase,Makes a bit of noise. Chutney jar nor very efficient.,One person found this helpful
Palabhi,Good 👍,4.0 out of 5 stars,"Reviewed in India on July 28, 2020",Verified Purchase,Good product,
BIBHUDATTA Nayak,"Good product, value of money",5.0 out of 5 stars,"Reviewed in India on October 28, 2021",Verified Purchase,Over all good product,
Pradeep K.,Gud,5.0 out of 5 stars,"Reviewed in India on July 22, 2021",Verified Purchase,Gud,
M G Sarvar,not good,2.0 out of 5 stars,"Reviewed in India on February 6, 2019",Verified Purchase,after 2 day use. chatni  jaar wheel is Damage,
Abdul Rahman ,Ok,5.0 out of 5 stars,"Reviewed in India on January 1, 2020",Verified Purchase,"Good product, it is worth buying",
SVC,nice product,4.0 out of 5 stars,"Reviewed in India on September 12, 2019",Verified Purchase,Value for money,
Souvik Mandal,Great mixer grinder,5.0 out of 5 stars,"Reviewed in India on December 30, 2020",Verified Purchase,Good product and value for money,
srinivasa rao,Mixer,3.0 out of 5 stars,"Reviewed in India on July 12, 2021",Verified Purchase,Good,
nishad,Blades,1.0 out of 5 stars,"Reviewed in India on November 16, 2021",Verified Purchase,After one month jar blades sharpness gone. How can i rectify this problem,